"Airport ID","Name","City","Country","IATA","ICAO","Latitude","Longitude","Altitude","Timezone","DST","Tz database time zone","Type","Source"
3364,"Beijing Capital International Airport","Beijing","China","PEK","ZBAA",40.0801010131836,116.58499908447266,116,"8","U","Asia/Shanghai","airport","OurAirports"
3366,"Dongshan Airport","Hailar","China","HLD","ZBLA",49.2050018311,119.82499694799999,2169,"8","U","Asia/Shanghai","airport","OurAirports"
3368,"Tianjin Binhai International Airport","Tianjin","China","TSN","ZBTJ",39.1244010925,117.346000671,10,"8","U","Asia/Shanghai","airport","OurAirports"
3369,"Taiyuan Wusu Airport","Taiyuan","China","TYN","ZBYN",37.74689865112305,112.62799835205078,2575,"8","U","Asia/Shanghai","airport","OurAirports"
3370,"Guangzhou Baiyun International Airport","Guangzhou","China","CAN","ZGGG",23.39240074157715,113.29900360107422,50,"8","U","Asia/Shanghai","airport","OurAirports"
3371,"Changsha Huanghua International Airport","Changcha","China","CSX","ZGHA",28.189199447600004,113.220001221,217,"8","U","Asia/Shanghai","airport","OurAirports"
3372,"Guilin Liangjiang International Airport","Guilin","China","KWL","ZGKL",25.21809959411621,110.03900146484376,570,"8","U","Asia/Shanghai","airport","OurAirports"
3373,"Nanning Wuxu Airport","Nanning","China","NNG","ZGNN",22.60829925537109,108.1719970703125,421,"8","U","Asia/Shanghai","airport","OurAirports"
3374,"Shenzhen Bao'an International Airport","Shenzhen","China","SZX","ZGSZ",22.639299392700195,113.81099700927734,13,"8","U","Asia/Shanghai","airport","OurAirports"
3375,"Zhengzhou Xinzheng International Airport","Zhengzhou","China","CGO","ZHCC",34.519699096699995,113.84100341799999,495,"8","U","Asia/Shanghai","airport","OurAirports"
3376,"Wuhan Tianhe International Airport","Wuhan","China","WUH","ZHHH",30.7838,114.208,113,"8","U","Asia/Shanghai","airport","OurAirports"
3378,"Lanzhou Zhongchuan Airport","Lanzhou","China","LHW","ZLLL",36.5152015686,103.620002747,6388,"8","U","Asia/Shanghai","airport","OurAirports"
3379,"Xi'an Xianyang International Airport","Xi'an","China","XIY","ZLXY",34.447102,108.751999,1572,"8","U","Asia/Shanghai","airport","OurAirports"
3381,"Xishuangbanna Gasa Airport","Jinghonggasa","China","JHG","ZPJH",21.973899841308594,100.76000213623048,1815,"8","U","Asia/Shanghai","airport","OurAirports"
3382,"Kunming Changshui International Airport","Kunming","China","KMG","ZPPP",25.101944399999997,102.9291667,6903,"8","N","Asia/Shanghai","airport","OurAirports"
3383,"Xiamen Gaoqi International Airport","Xiamen","China","XMN","ZSAM",24.54400062561035,118.12799835205078,59,"8","U","Asia/Shanghai","airport","OurAirports"
3384,"Nanchang Changbei International Airport","Nanchang","China","KHN","ZSCN",28.864999771118164,115.9000015258789,143,"8","U","Asia/Shanghai","airport","OurAirports"
3385,"Fuzhou Changle International Airport","Fuzhou","China","FOC","ZSFZ",25.935100555419922,119.66300201416016,46,"8","U","Asia/Shanghai","airport","OurAirports"
3386,"Hangzhou Xiaoshan International Airport","Hangzhou","China","HGH","ZSHC",30.22949981689453,120.43399810791016,23,"8","U","Asia/Shanghai","airport","OurAirports"
3387,"Ningbo Lishe International Airport","Ninbo","China","NGB","ZSNB",29.82670021057129,121.46199798583984,13,"8","U","Asia/Shanghai","airport","OurAirports"
3388,"Nanjing Lukou Airport","Nanjing","China","NKG","ZSNJ",31.742000579833984,118.86199951171876,49,"8","U","Asia/Shanghai","airport","OurAirports"
3389,"Hefei Luogang International Airport","Hefei","China","HFE","ZSOF",31.78000068664551,117.2979965209961,108,"8","U","Asia/Shanghai","airport","OurAirports"
3390,"Liuting Airport","Qingdao","China","TAO","ZSQD",36.2661018372,120.374000549,33,"8","U","Asia/Shanghai","airport","OurAirports"
3391,"Shanghai Hongqiao International Airport","Shanghai","China","SHA","ZSSS",31.19790077209473,121.33599853515624,10,"8","U","Asia/Shanghai","airport","OurAirports"
3392,"Yantai Laishan Airport","Yantai","China","YNT","ZSYT",37.40169906616211,121.37200164794922,59,"8","U","Asia/Shanghai","airport","OurAirports"
3393,"Chongqing Jiangbei International Airport","Chongqing","China","CKG","ZUCK",29.719200134277344,106.64199829101562,1365,"8","U","Asia/Shanghai","airport","OurAirports"
3394,"Longdongbao Airport","Guiyang","China","KWE","ZUGY",26.53849983215332,106.8010025024414,3736,"8","U","Asia/Shanghai","airport","OurAirports"
3395,"Chengdu Shuangliu International Airport","Chengdu","China","CTU","ZUUU",30.578500747680664,103.9469985961914,1625,"8","U","Asia/Shanghai","airport","OurAirports"
3396,"Xichang Qingshan Airport","Xichang","China","XIC","ZUXC",27.98909950256348,102.18399810791016,5112,"8","U","Asia/Shanghai","airport","OurAirports"
3397,"Kashgar Airport","Kashi","China","KHG","ZWSH",39.5429000854,76.0199966431,4529,"8","U","Asia/Shanghai","airport","OurAirports"
3398,"Hotan Airport","Hotan","China","HTN","ZWTN",37.03850173950195,79.86489868164062,4672,"8","U","Asia/Shanghai","airport","OurAirports"
3399,"ÃœrÃ¼mqi Diwopu International Airport","Urumqi","China","URC","ZWWW",43.90710067749024,87.47419738769531,2125,"8","U","Asia/Shanghai","airport","OurAirports"
3400,"Taiping Airport","Harbin","China","HRB","ZYHB",45.6234016418457,126.25,457,"8","U","Asia/Shanghai","airport","OurAirports"
3402,"Mudanjiang Hailang International Airport","Mudanjiang","China","MDG","ZYMD",44.524101257299996,129.569000244,883,"8","U","Asia/Shanghai","airport","OurAirports"
3404,"Zhoushuizi Airport","Dalian","China","DLC","ZYTL",38.9656982421875,121.53900146484376,107,"8","U","Asia/Shanghai","airport","OurAirports"
3406,"Shanghai Pudong International Airport","Shanghai","China","PVG","ZSPD",31.143400192260746,121.80500030517578,13,"8","U","Asia/Shanghai","airport","OurAirports"
4030,"Sanya Phoenix International Airport","Sanya","China","SYX","ZJSY",18.30290031433105,109.41200256347656,92,"8","U","Asia/Shanghai","airport","OurAirports"
4033,"Lijiang Airport","Lijiang","China","LJG","ZPLJ",26.6800003052,100.24600219700001,0,"8","U","Asia/Shanghai","airport","OurAirports"
4054,"Dali Airport","Dali","China","DLU","ZPDL",25.649401,100.319,7050,"8","U","Asia/Shanghai","airport","OurAirports"
4085,"Yinchuan Airport","Yinchuan","China","\N","ZLIC",38.481899,106.009003,0,"8","U","Asia/Shanghai","airport","OurAirports"
4097,"Lhasa Gonggar Airport","Lhasa","China","LXA","ZULS",29.2978000641,90.9119033813,11713,"8","U","Asia/Shanghai","airport","OurAirports"
4108,"Yaoqiang Airport","Jinan","China","TNA","ZSJN",36.857200622558594,117.21600341796876,76,"8","U","Asia/Shanghai","airport","OurAirports"
4109,"Changzhou Benniu Airport","Changzhou","China","CZX","ZSCG",31.919701,119.778999,0,"8","U","Asia/Shanghai","airport","OurAirports"
4110,"Yibin Caiba Airport","Yibin","China","YBP","ZUYB",28.8005555556,104.545,924,"8","U","Asia/Shanghai","airport","OurAirports"
4120,"Haikou Meilan International Airport","Haikou","China","HAK","ZJHK",19.93490028381348,110.45899963378906,75,"8","U","Asia/Shanghai","airport","OurAirports"
4144,"Taoxian Airport","Shenyang","China","SHE","ZYTX",41.63980102539063,123.48300170898438,198,"8","U","Asia/Shanghai","airport","OurAirports"
4145,"Dongying Shengli Airport","Dongying","China","DOY","ZSDY",37.508598327600005,118.788002014,15,"8","U","Asia/Shanghai","airport","OurAirports"
4148,"Luoyang Airport","Luoyang","China","LYA","ZHLY",34.741100311299995,112.38800048799999,840,"8","U","Asia/Shanghai","airport","OurAirports"
4149,"Xuzhou Guanyin Airport","Xuzhou","China","XUZ","ZSXZ",34.059056,117.555278,0,"8","U","Asia/Shanghai","airport","OurAirports"
4301,"Jiuzhai Huanglong Airport","Jiuzhaigou","China","JZH","ZUJZ",32.8533333333,103.68222222200001,11327,"8","U","Asia/Shanghai","airport","OurAirports"
4302,"Jieyang Chaoshan International Airport","Shantou","China","SWA","ZGOW",23.552,116.5033,0,"8","U","Asia/Shanghai","airport","OurAirports"
4308,"Dunhuang Airport","Dunhuang","China","DNH","ZLDH",40.16109848022461,94.80919647216795,0,"8","U","Asia/Shanghai","airport","OurAirports"
4380,"Longjia Airport","Changchun","China","CGQ","ZYCC",43.9962005615,125.684997559,706,"8","U","Asia/Shanghai","airport","OurAirports"
6341,"Beijing Nanyuan Airport","Beijing","China","NAY","ZBNY",39.782798767089844,116.38800048828124,0,"8","U","Asia/Shanghai","airport","OurAirports"
6342,"Chifeng Airport","Chifeng","China","CIF","ZBCF",42.23500061035156,118.90799713134766,0,"8","U","Asia/Shanghai","airport","OurAirports"
6343,"Changzhi Airport","Changzhi","China","CIH","ZBCZ",36.247501,113.125999,0,"8","U","Asia/Shanghai","airport","OurAirports"
6344,"Datong Airport","Datong","China","DAT","ZBDT",40.060299,113.48200200000001,3442,"8","U","Asia/Shanghai","airport","OurAirports"
6345,"Baita International Airport","Hohhot","China","HET","ZBHH",40.851397999999996,111.82399699999999,3556,"8","U","Asia/Shanghai","airport","OurAirports"
6346,"Baotou Airport","Baotou","China","BAV","ZBOW",40.560001373291016,109.99700164794922,3321,"8","U","Asia/Shanghai","airport","OurAirports"
6347,"Shijiazhuang Daguocun International Airport","Shijiazhuang","China","SJW","ZBSJ",38.28070068359375,114.6969985961914,233,"8","U","Asia/Shanghai","airport","OurAirports"
6348,"Tongliao Airport","Tongliao","China","TGO","ZBTL",43.556702,122.199997,2395,"8","U","Asia/Shanghai","airport","OurAirports"
6349,"Ulanhot Airport","Ulanhot","China","HLH","ZBUL",46.195333000000005,122.00833300000001,0,"8","U","Asia/Shanghai","airport","OurAirports"
6350,"Xilinhot Airport","Xilinhot","China","XIL","ZBXH",43.91559982299805,115.96399688720705,0,"8","U","Asia/Shanghai","airport","OurAirports"
6351,"Beihai Airport","Beihai","China","BHY","ZGBH",21.5394,109.293999,0,"8","U","Asia/Shanghai","airport","OurAirports"
6352,"Changde Airport","Changde","China","CGD","ZGCD",28.9188995361,111.63999939,128,"8","U","Asia/Shanghai","airport","OurAirports"
6353,"Dayong Airport","Dayong","China","DYG","ZGDY",29.1028,110.443001,692,"8","U","Asia/Shanghai","airport","OurAirports"
6354,"Meixian Airport","Meixian","China","MXZ","ZGMX",24.35000038146973,116.13300323486328,0,"8","U","Asia/Shanghai","airport","OurAirports"
6355,"Zhuhai Jinwan Airport","Zhuhai","China","ZUH","ZGSD",22.006399,113.375999,23,"8","U","Asia/Shanghai","airport","OurAirports"
6356,"Liuzhou Bailian Airport","Liuzhou","China","LZH","ZGZH",24.2075,109.390999,295,"8","U","Asia/Shanghai","airport","OurAirports"
6357,"Zhanjiang Airport","Zhanjiang","China","ZHA","ZGZJ",21.214399,110.358002,125,"8","U","Asia/Shanghai","airport","OurAirports"
6358,"Enshi Airport","Enshi","China","ENH","ZHES",30.3202991486,109.48500061,1605,"8","U","Asia/Shanghai","airport","OurAirports"
6359,"Nanyang Jiangying Airport","Nanyang","China","NNY","ZHNY",32.980801,112.614998,840,"8","U","Asia/Shanghai","airport","OurAirports"
6360,"Xiangyang Liuji Airport","Xiangfan","China","XFN","ZHXF",32.1506,112.291,0,"8","U","Asia/Shanghai","airport","OurAirports"
6361,"Yichang Sanxia Airport","Yichang","China","YIH","ZHYC",30.55655,111.47998799999999,673,"8","U","Asia/Shanghai","airport","OurAirports"
6362,"Ankang Wulipu Airport","Ankang","China","AKA","ZLAK",32.708099,108.931,860,"8","U","Asia/Shanghai","airport","OurAirports"
6363,"Golmud Airport","Golmud","China","GOQ","ZLGM",36.4006,94.786102,9334,"8","U","Asia/Shanghai","airport","OurAirports"
6364,"Hanzhong Chenggu Airport","Hanzhong","China","HZG","ZLHZ",33.134136,107.206014,0,"8","U","Asia/Shanghai","airport","OurAirports"
6365,"Qingyang Airport","Qingyang","China","IQN","ZLQY",35.799702,107.602997,0,"8","U","Asia/Shanghai","airport","OurAirports"
6366,"Xining Caojiabu Airport","Xining","China","XNN","ZLXN",36.5275,102.042999,7119,"8","U","Asia/Shanghai","airport","OurAirports"
6367,"Yan'an Ershilipu Airport","Yan'an","China","ENY","ZLYA",36.636902,109.554001,3100,"8","U","Asia/Shanghai","airport","OurAirports"
6368,"Yulin Yuyang Airport","Yulin","China","UYN","ZLYL",38.35971,109.59092700000001,0,"8","U","Asia/Shanghai","airport","OurAirports"
6375,"Diqing Airport","Shangri-La","China","DIG","ZPDQ",27.7936,99.6772,10761,"8","U","Asia/Shanghai","airport","OurAirports"
6376,"Mangshi Airport","Luxi","China","LUM","ZPLX",24.4011,98.5317,2890,"8","U","Asia/Shanghai","airport","OurAirports"
6377,"Pu'er Simao Airport","Simao","China","SYM","ZPSM",22.793301,100.959,0,"8","U","Asia/Shanghai","airport","OurAirports"
6378,"Zhaotong Airport","Zhaotong","China","ZAT","ZPZT",27.32559967041016,103.75499725341795,0,"8","U","Asia/Shanghai","airport","OurAirports"
6379,"Ganzhou Airport","Ganzhou","China","KOW","ZSGZ",25.853333,114.77888899999999,387,"8","U","Asia/Shanghai","airport","OurAirports"
6380,"Jingdezhen Airport","Jingdezhen","China","JDZ","ZSJD",29.3386001587,117.176002502,112,"8","U","Asia/Shanghai","airport","OurAirports"
6381,"Jiujiang Lushan Airport","Jiujiang","China","JIU","ZSJJ",29.476944,115.801111,0,"8","U","Asia/Shanghai","airport","OurAirports"
6382,"Quzhou Airport","Quzhou","China","JUZ","ZSJU",28.965799,118.899002,0,"8","U","Asia/Shanghai","airport","OurAirports"
6383,"Lianyungang Airport","Lianyungang","China","LYG","ZSLG",34.571667,118.87361100000001,0,"8","U","Asia/Shanghai","airport","OurAirports"
6384,"Huangyan Luqiao Airport","Huangyan","China","HYN","ZSLQ",28.56220054626465,121.4290008544922,0,"8","U","Asia/Shanghai","airport","OurAirports"
6385,"Shubuling Airport","Linyi","China","LYI","ZSLY",35.04610061645508,118.41200256347656,0,"8","U","Asia/Shanghai","airport","OurAirports"
6386,"Quanzhou Jinjiang International Airport","Quanzhou","China","JJN","ZSQZ",24.7964,118.589996,0,"8","U","Asia/Shanghai","airport","OurAirports"
6387,"Tunxi International Airport","Huangshan","China","TXN","ZSTX",29.73329925537109,118.25599670410156,0,"8","U","Asia/Shanghai","airport","OurAirports"
6388,"Weifang Airport","Weifang","China","WEF","ZSWF",36.646702000000005,119.119003,0,"8","U","Asia/Shanghai","airport","OurAirports"
6389,"Weihai Airport","Weihai","China","WEH","ZSWH",37.18709945678711,122.22899627685548,145,"8","U","Asia/Shanghai","airport","OurAirports"
6390,"Sunan Shuofang International Airport","Wuxi","China","WUX","ZSWX",31.4944000244,120.429000854,24,"8","U","Asia/Shanghai","airport","OurAirports"
6391,"Nanping Wuyishan Airport","Wuyishan","China","WUS","ZSWY",27.7019,118.000999,614,"8","U","Asia/Shanghai","airport","OurAirports"
6392,"Wenzhou Longwan International Airport","Wenzhou","China","WNZ","ZSWZ",27.912201,120.851997,0,"8","U","Asia/Shanghai","airport","OurAirports"
6393,"Yancheng Airport","Yancheng","China","YNZ","ZSYN",33.425833000000004,120.203056,0,"8","U","Asia/Shanghai","airport","OurAirports"
6394,"Yiwu Airport","Yiwu","China","YIW","ZSYW",29.344699859600002,120.03199768100001,262,"8","U","Asia/Shanghai","airport","OurAirports"
6395,"Zhoushan Airport","Zhoushan","China","HSN","ZSZS",29.9342002869,122.36199951200001,3,"8","U","Asia/Shanghai","airport","OurAirports"
6396,"Qamdo Bangda Airport","Bangda","China","BPX","ZUBD",30.553600311279297,97.1082992553711,14219,"8","U","Asia/Shanghai","airport","OurAirports"
6397,"Dachuan Airport","Dazhou","China","DAX","ZUDX",31.1302,107.4295,0,"8","U","Asia/Shanghai","airport","OurAirports"
6398,"Guangyuan Airport","Guangyuan","China","GYS","ZUGU",32.391101837158196,105.7020034790039,0,"8","U","Asia/Shanghai","airport","OurAirports"
6399,"Luzhou Airport","Luzhou","China","LZO","ZULZ",28.85219955444336,105.39299774169922,0,"8","U","Asia/Shanghai","airport","OurAirports"
6400,"Mianyang Airport","Mianyang","China","MIG","ZUMY",31.4281005859375,104.74099731445312,0,"8","U","Asia/Shanghai","airport","OurAirports"
6401,"Nanchong Airport","Nanchong","China","NAO","ZUNC",30.79545,106.1626,0,"8","U","Asia/Shanghai","airport","OurAirports"
6402,"Nyingchi Airport","Nyingchi","China","LZY","ZUNZ",29.303300857543945,94.33529663085938,9675,"8","U","Asia/Shanghai","airport","OurAirports"
6403,"Wanxian Airport","Wanxian","China","WXN","ZUWX",30.8017,108.43299999999999,0,"8","U","Asia/Shanghai","airport","OurAirports"
6404,"Aksu Airport","Aksu","China","AKU","ZWAK",41.262501,80.291702,3816,"8","U","Asia/Shanghai","airport","OurAirports"
6405,"Qiemo Yudu Airport","Qiemo","China","IQM","ZWCM",38.233610999999996,85.465556,0,"8","U","Asia/Shanghai","airport","OurAirports"
6406,"Kuqa Airport","Kuqa","China","KCA","ZWKC",41.677856,82.872917,3524,"8","U","Asia/Shanghai","airport","OurAirports"
6407,"Korla Airport","Korla","China","KRL","ZWKL",41.69779968261719,86.12889862060547,0,"8","U","Asia/Shanghai","airport","OurAirports"
6408,"Karamay Airport","Karamay","China","KRY","ZWKM",45.46655,84.9527,0,"8","U","Asia/Shanghai","airport","OurAirports"
6409,"Yining Airport","Yining","China","YIN","ZWYN",43.955799,81.330299,0,"8","U","Asia/Shanghai","airport","OurAirports"
6410,"Heihe Airport","Heihe","China","HEK","ZYHE",50.1716209371,127.308883667,8530,"8","U","Asia/Shanghai","airport","OurAirports"
6411,"Jiamusi Airport","Jiamusi","China","JMU","ZYJM",46.84339904789999,130.464996338,262,"8","U","Asia/Shanghai","airport","OurAirports"
6412,"Jinzhou Airport","Jinzhou","China","JNZ","ZYJZ",41.10139846801758,121.06199645996094,0,"8","U","Asia/Shanghai","airport","OurAirports"
6413,"Qiqihar Sanjiazi Airport","Qiqihar","China","NDG","ZYQQ",47.239601135253906,123.91799926757812,477,"8","U","Asia/Shanghai","airport","OurAirports"
6414,"Yanji Chaoyangchuan Airport","Yanji","China","YNJ","ZYYJ",42.8828010559,129.451004028,624,"8","U","Asia/Shanghai","airport","OurAirports"
6427,"Anqing Tianzhushan Airport","Anqing","China","AQG","ZSAQ",30.582199,117.050003,0,"8","N","Asia/Shanghai","airport","OurAirports"
6429,"Shanhaiguan Airport","Qinhuangdao","China","SHP","ZBSH",39.968102,119.731003,30,"8","N","Asia/Shanghai","airport","OurAirports"
6430,"Yuncheng Guangong Airport","Yuncheng","China","YCU","ZBYC",35.116391,111.031388889,1242,"8","N","Asia/Shanghai","airport","OurAirports"
6431,"Lanzhou City Airport","Lanzhou","China","\N","ZLAN",36.033333,103.86667,5040,"8","N","Asia/Shanghai","airport","OurAirports"
6432,"Jiayuguan Airport","Jiayuguan","China","JGN","ZLJQ",39.856899,98.3414,5112,"8","N","Asia/Shanghai","airport","OurAirports"
6433,"Dandong Airport","Dandong","China","DDG","ZYDD",40.0247,124.28600300000001,30,"8","N","Asia/Shanghai","airport","OurAirports"
6434,"Ordos Ejin Horo Airport","Dongsheng","China","DSN","ZBDS",39.49,109.861388889,4557,"8","N","Asia/Shanghai","airport","OurAirports"
6435,"Bao'anying Airport","Panzhihua","China","PZI","ZUZH",26.54,101.79852,1620,"8","N","Asia/Shanghai","airport","OurAirports"
6743,"Hami Airport","Hami","China","HMI","ZWHM",42.8414,93.669197,2703,"8","U","Asia/Shanghai","airport","OurAirports"
6744,"Wuzhou Changzhoudao Airport","Wuzhou","China","WUZ","ZGWZ",23.456699,111.248001,89,"8","U","Asia/Shanghai","airport","OurAirports"
6752,"Tacheng Airport","Tacheng","China","TCG","ZWTC",46.67250061035156,83.3407974243164,0,"8","U","Asia/Shanghai","airport","OurAirports"
6772,"Chaoyang Airport","Chaoyang","China","CHG","ZYCY",41.538101,120.434998,568,"8","U","Asia/Shanghai","airport","OurAirports"
6943,"Gu-Lian Airport","Mohe County","China","OHE","ZYMH",52.912777777799995,122.43,1836,"8","U","Asia/Shanghai","airport","OurAirports"
6944,"Jining Qufu Airport","Jining","China","JNG","ZLJN",35.292778000000006,116.346667,134,"8","U","Asia/Shanghai","airport","OurAirports"
6946,"Altay Air Base","Altay","China","AAT","ZWAT",47.7498855591,88.0858078003,2460,"8","U","Asia/Shanghai","airport","OurAirports"
6954,"Manzhouli Xijiao Airport","Manzhouli","China","NZH","ZBMZ",49.566666999999995,117.33,2231,"8","U","Asia/Shanghai","airport","OurAirports"
6955,"Wuhai Airport","Wuhai","China","WUA","ZBUH",39.7934,106.7993,3650,"8","U","Asia/Shanghai","airport","OurAirports"
6963,"Tongren Fenghuang Airport","Tongren","China","TEN","ZUTR",27.883333,109.308889,0,"8","U","Asia/Shanghai","airport","OurAirports"
6964,"Jinggangshan Airport","Jian","China","JGS","ZSJA",26.8568992615,114.73699951200001,281,"8","U","Asia/Shanghai","airport","OurAirports"
7052,"Xi'an Xiguan Airport","Xi\'AN","China","SIA","ZLSN",34.376701000000004,109.120003,0,"8","U","Asia/Shanghai","airport","OurAirports"
7457,"Foshan Shadi Airport","Foshan","China","FUO","ZGFS",23.0832996368,113.069999695,6,"8","N","Asia/Shanghai","airport","OurAirports"
7458,"Huizhou Airport","Huizhou","China","HUZ","ZGHZ",23.0499992371,114.599998474,50,"8","N","Asia/Shanghai","airport","OurAirports"
7503,"Fuyang Xiguan Airport","Fuyang","China","FUG","ZSFY",32.882157,115.73436399999999,104,"8","U","Asia/Shanghai","airport","OurAirports"
7504,"Longyan Guanzhishan Airport","Longyan","China","LCX","ZSLD",25.6746997833,116.747001648,1225,"8","U","Asia/Shanghai","airport","OurAirports"
7505,"Baoshan Yunduan Airport","Baoshan","China","BSD","ZPBS",25.053301,99.168297,5453,"8","U","Asia/Shanghai","airport","OurAirports"
7506,"Xingyi Airport","Xingyi","China","ACX","ZUYI",25.0863888889,104.959444444,4150,"8","U","Asia/Shanghai","airport","OurAirports"
7508,"Liping Airport","Liping","China","HZH","ZUNP",26.32217,109.1499,1620,"8","U","Asia/Shanghai","airport","OurAirports"
7519,"Zhijiang Airport","Zhijiang","China","HJJ","ZGCJ",27.4411111111,109.7,882,"8","U","Asia/Shanghai","airport","OurAirports"
7527,"Lintsang Airfield","Lincang","China","LNJ","ZPLC",23.738100051900002,100.025001526,6230,"8","U","Asia/Shanghai","airport","OurAirports"
7862,"Tengchong Tuofeng Airport","Tengchong","China","TCZ","ZUTC",24.9380555556,98.4858333333,6250,"8","N","Asia/Shanghai","airport","OurAirports"
7894,"Yushu Batang Airport","Yushu","China","YUS","ZYLS",32.836388888900004,97.03638888889999,12816,"8","U","Asia/Shanghai","airport","OurAirports"
7898,"Lianshui Airport","Huai An","China","HIA","ZSSH",33.7908333333,119.125,28,"8","N","Asia/Shanghai","airport","OurAirports"
7932,"Ngari Gunsa Airport","Shiquanhe","China","NGQ","ZUAL",32.1,80.05305555560001,14022,"8","N","Asia/Shanghai","airport","OurAirports"
8043,"Zhongwei Shapotou Airport","Zhongwei","China","ZHY","ZLZW",37.573125,105.154454,8202,"8","N","Asia/Shanghai","airport","OurAirports"
8082,"Baise Youjiang Airport","Baise","China","AEB","ZGBS",23.7206001282,106.959999084,490,"8","N","Asia/Shanghai","airport","OurAirports"
8233,"Kanas Airport","Burqin","China","KJI","ZWKN",48.2223,86.9959,3921,"8","U","Asia/Shanghai","airport","OurAirports"
8407,"Handan Airport","Handan","China","HDG","ZBHD",36.5258333333,114.425555556,229,"8","N","Asia/Shanghai","airport","OurAirports"
8417,"Jixi Xingkaihu Airport","Jixi","China","JXA","ZYJX",45.293,131.19299999999998,760,"8","N","Asia/Shanghai","airport","OurAirports"
8442,"Shigatse Air Base","Shigatse","China","RKZ","ZURK",29.3519,89.311401,3782,"8","N","Asia/Shanghai","airport","OurAirports"
8630,"Bayannur Tianjitai Airport","Bayannur","China","RLK","ZBYZ",40.926,107.7428,3400,"8","U","Asia/Shanghai","airport","OurAirports"
8781,"Qianjiang Wulingshan Airport","Qianjiang","China","JIQ","ZUQJ",29.5133333333,108.831111111,2075,"8","N","Asia/Shanghai","airport","OurAirports"
8826,"Changbaishan Airport","Baishan","China","NBS","ZYBS",42.066944,127.602222,2874,"8","N","Asia/Shanghai","airport","OurAirports"
8845,"Lingling Airport","Yongzhou","China","LLF","ZGLG",26.338661,111.61004299999999,340,"8","U","Asia/Shanghai","airport","OurAirports"
8876,"Yangzhou Taizhou Airport","Yangzhou","China","YTY","ZSYA",32.5634,119.7198,7,"8","N","Asia/Shanghai","airport","OurAirports"
8889,"Tianshui Maijishan Airport","Tianshui","China","THQ","ZLTS",34.559398651100004,105.86000061,3590,"8","N","Asia/Shanghai","airport","OurAirports"
8921,"Kangding Airport","Kangding","China","KGT","ZUKD",30.1575,101.73472199999999,14042,"8","N","Asia/Shanghai","airport","OurAirports"
8926,"Turpan Jiaohe Airport","Turpan","China","TLQ","ZWTP",43.0308,89.0987,934,"8","U","Asia/Shanghai","airport","OurAirports"
8971,"Guyuan Liupanshan Airport","Guyuan","China","GYU","ZLGY",36.078888888899996,106.21694444399999,5696,"8","U","Asia/Shanghai","airport","OurAirports"
8974,"Changhai Airport","Changhai","China","CNI","ZYCH",39.2666666667,122.666944444,80,"8","N","Asia/Shanghai","airport","OurAirports"
8979,"Jiagedaqi Airport","Jiagedaqi District","China","JGD","ZYJD",50.371389,124.1175,1205,"8","N","Asia/Shanghai","airport","OurAirports"
9025,"Bijie Feixiong Airport","Bijie","China","BFJ","ZUBJ",27.267065999999996,105.47209699999999,4751,"8","N","Asia/Shanghai","airport","OurAirports"
9107,"Yichun Mingyueshan Airport","Yichun","China","YIC","ZSYC",27.8025,114.3062,430,"8","U","Asia/Shanghai","airport","OurAirports"
9308,"LÃ¼liang Airport","Lvliang","China","LLV","ZBLL",37.683333000000005,111.142778,0,"8","N","Asia/Shanghai","airport","OurAirports"
9310,"Daocheng Yading Airport","Daocheng","China","DCY","ZUDC",29.323056,100.053333,14472,"8","N","Asia/Shanghai","airport","OurAirports"
9311,"Gannan Xiahe Airport","Xiahe city","China","GXH","ZLXH",34.8105,102.6447,10510,"8","N","Asia/Shanghai","airport","OurAirports"
9386,"Xinyuan Nalati Airport","Xinyuan","China","NLT","ZWNL",43.4318,83.3786,3050,"8","U","Asia/Shanghai","airport","OurAirports"
9770,"Zhangye Ganzhou Airport","Zhangye","China","YZY","ZLZY",38.8018989563,100.67500305200001,5280,"8","N","Asia/Shanghai","airport","OurAirports"
9843,"Jiuhuashan Airport","Chizhou","China","JUH","ZSJH",30.7403,117.6856,60,"8","N","Asia/Shanghai","airport","OurAirports"
9844,"Anshan Air Base","Anshan","China","AOG","ZYAS",41.105301000000004,122.853996,0,"8","N","Asia/Shanghai","airport","OurAirports"
9845,"Saertu Airport","Daqing","China","DQA","ZYDQ",46.7463888889,125.14055555600001,496,"8","N","Asia/Shanghai","airport","OurAirports"
9846,"Zunyi Xinzhou Airport","Zunyi","China","ZYI","ZUZY",27.5895,107.0007,2920,"8","N","Asia/Shanghai","airport","OurAirports"
9848,"Lindu Airport","Yinchun","China","LDS","ZYLD",47.7520555556,129.019125,791,"8","N","Asia/Shanghai","airport","OurAirports"
9849,"Anshun Huangguoshu Airport","Anshun","China","AVA","ZUAS",26.2605555556,105.87333333299999,4812,"8","N","Asia/Shanghai","airport","OurAirports"
9854,"Tonghua Sanyuanpu Airport","Tonghua","China","TNH","ZYTN",42.2538888889,125.70333333299999,1200,"8","N","Asia/Shanghai","airport","OurAirports"
9857,"Suzhou Guangfu Airport","Suzhou","China","SZV","ZSSZ",31.2631,120.40100100000001,0,"8","N","Asia/Shanghai","airport","OurAirports"
10160,"Erenhot Saiwusu International Airport","Erenhot","China","ERL","ZBER",43.4225,112.096667,3301,"8","N","\N","airport","OurAirports"
10209,"Beijing Daxing International Airport","Beijing","China","PKX","ZBAD",39.509945,116.41091999999999,98,"8","U","\N","airport","OurAirports"
10363,"Hechi Jinchengjiang Airport","Hechi","China","HCJ","ZGHC",24.805,107.6997,2221,"8","U","\N","airport","OurAirports"
10800,"Dongji Aiport","Fuyuan","China","FYJ","ZYFY",48.199494,134.366447,0,"8","N","\N","airport","OurAirports"
10937,"Liupanshui Yuezhao Airport","Liupanshui","China","LPF","ZUPS",26.609416999999997,104.979,0,"8","N","\N","airport","OurAirports"
10938,"Kaili Airport","Kaili","China","KJH","ZUKJ",26.971999999999998,107.988,3115,"8","N","\N","airport","OurAirports"
10939,"Shennongjia Hongping Airport","Shennongjia","China","HPG","ZHSN",31.625999999999998,110.34,8365,"8","N","\N","airport","OurAirports"
10940,"Zhangjiakou Ningyuan Airport","Zhangjiakou","China","ZQZ","ZBZJ",40.7386016846,114.930000305,2347,"8","N","\N","airport","OurAirports"
10941,"Arxan Yi'ershi Airport","Arxan","China","YIE","ZBES",47.3106,119.9117,2925,"8","N","\N","airport","OurAirports"
10942,"Hengyang Nanyue Airport","Hengyang","China","HNY","ZGHY",26.9053,112.627998,0,"8","N","\N","airport","OurAirports"
10943,"Hongyuan Airport","Ngawa","China","AHJ","ZUHY",32.53154,102.35224000000001,11600,"8","N","\N","airport","OurAirports"
11473,"Jinchuan Airport","Jinchuan","China","JIC","ZLJC",38.542222222199996,102.348333333,4740,"8","U","\N","airport","OurAirports"
11498,"Alashankou Bole (Bortala) airport","Bole","China","BPL","ZWAX",44.895,82.3,1253,"8","N","\N","airport","OurAirports"
11499,"Fuyun Koktokay Airport","Fuyun","China","FYN","ZWFY",46.804169,89.512006,3081,"8","N","\N","airport","OurAirports"
11545,"Linfen Qiaoli Airport","LINFEN","China","LFQ","ZBLF",36.132629,111.641236,1483,"8","U","\N","airport","OurAirports"
11713,"Rizhao Shanzihe Airport","Rizhao","China","RIZ","ZSRZ",35.405033,119.324403,121,"8","N","\N","airport","OurAirports"
11714,"Shaxian Airport","Sanming","China","SQJ","ZSSM",26.4263,117.8336,830,"8","N","\N","airport","OurAirports"
12047,"Guangzhou MR Air Base","Guanghua","China","LHK","ZHGH",32.38940048217773,111.69499969482422,0,"\N","\N","\N","airport","OurAirports"
12048,"Shiyan Wudangshan Airport","Shiyan","China","WDS","ZHSY",32.591667,110.90777800000001,0,"\N","\N","\N","airport","OurAirports"
12050,"Huatugou Airport","Mengnai","China","HTT","ZLHX",38.201984,90.841495,2945,"\N","\N","\N","airport","OurAirports"
12052,"Bengbu Airport","Bengbu","China","BFU","ZSBB",32.8477333333,117.320244444,100,"\N","\N","\N","airport","OurAirports"
12053,"Rugao Air Base","Rugao","China","RUG","ZSRG",32.257884979248054,120.50165557861328,0,"\N","\N","\N","airport","OurAirports"
12054,"Wuhu Air Base","Wuhu","China","WHU","ZSWU",31.3906,118.408997,0,"\N","\N","\N","airport","OurAirports"
12055,"Shanshan Airport","Shanshan","China","SXJ","ZWSS",42.91170120239258,90.24749755859376,0,"\N","\N","\N","airport","OurAirports"
12056,"Yingkou Lanqi Airport","Yingkou","China","YKH","ZYYK",40.542524,122.3586,0,"\N","\N","\N","airport","OurAirports"
12057,"Shenyang Dongta Airport","Shenyang","China","\N","ZYYY",41.784400939941406,123.49600219726562,0,"\N","\N","\N","airport","OurAirports"
12921,"Alxa Left Banner Bayanhot Airport","Alxa Left Banner","China","AXF","ZBAL",38.74831,105.58858000000001,4560,"8","N","\N","airport","OurAirports"
13192,"Delingha Airport","Haixi","China","HXD","ZLDL",37.125285999999996,97.268658,9843,"8","N","\N","airport","OurAirports"
13193,"Qionghai Bo'ao Airport","Qionghai","China","BAR","ZJQH",19.13824,110.454775,30,"8","N","\N","airport","OurAirports"
13211,"Ulanqab Jining Airport","Wulanchabu","China","UCB","ZBUC",41.129721999999994,113.108056,0,"8","N","\N","airport","OurAirports"
13229,"Shaoyang Wugang Airport","Shaoyang","China","WGN","ZGSY",26.802,110.64200000000001,1444,"8","N","\N","airport","OurAirports"
13257,"Renk Airport","Huangshan","China","\N","HSRN",11.832469272300001,32.81049728390001,1278,"8","N","\N","airport","OurAirports"
13470,"Baicheng Chang'an Airport","Baicheng","China","DBC","ZYBA",45.505278000000004,123.019722,480,"8","N","\N","airport","OurAirports"
13471,"Longnan Chengzhou Airport","Longnan","China","LNL","ZLLN",33.788000000000004,105.79700000000001,3707,"8","N","\N","airport","OurAirports"
13472,"Shangrao Sanqingshan Airport","Shangrao","China","SQD","ZSSR",28.3797,117.9643,340,"8","N","\N","airport","OurAirports"
13473,"Songyuan Chaganhu Airport","Songyuan","China","YSQ","ZYSQ",44.938114,124.550178,459,"8","N","\N","airport","OurAirports"
13474,"Jiansanjiang Airport","Jiansanjiang","China","JSJ","ZYJS",47.11,132.660278,0,"8","N","\N","airport","OurAirports"
13476,"Zunyi Maotai Airport","Zunyi","China","WMT","ZUMT",27.81638,106.33268000000001,4068,"8","N","\N","airport","OurAirports"
13477,"Libo Airport","Libo","China","LLB","ZULB",25.4525,107.96166699999999,0,"8","N","\N","airport","OurAirports"
13478,"Chengde Puning Airport","Chengde","China","CDE","ZBCD",41.1225,118.073889,0,"8","N","\N","airport","OurAirports"
13479,"Wudalianchi Dedu Airport","Wudalianchi","China","DTU","ZYDU",48.445,126.133,984,"8","N","\N","airport","OurAirports"
13480,"Ejin Banner-Taolai Airport","Ejin Banner","China","EJN","ZBEN",42.0155,101.0005,3077,"8","N","\N","airport","OurAirports"
13481,"Alxa Right Banner Badanjilin Airport","Alxa Right Banner","China","RHT","ZBAR",39.225,101.546,4659,"8","N","\N","airport","OurAirports"
13482,"Holingol Huolinhe Airport","Holingol","China","HUO","ZBHZ",45.487221999999996,119.40722199999999,0,"8","N","\N","airport","OurAirports"
13483,"Golog Maqin Airport","Golog","China","GMQ","ZLGL",34.418065999999996,100.301144,12426,"8","N","\N","airport","OurAirports"
13485,"Yeerqiang Airport","Yarkant","China","QSZ","ZWSC",38.281055,77.075192,4232,"8","N","\N","airport","OurAirports"
13488,"Cangyuan Washan Airport","Cangyuan","China","CWJ","ZPCW",23.273889,99.373611,0,"8","N","\N","airport","OurAirports"
13489,"Lancang Jingmai Airport","Lancang Lahu","China","JMJ","ZPJM",22.415833,99.786389,0,"8","N","\N","airport","OurAirports"
13490,"Ninglang Luguhu Airport","Ninglang","China","NLH","ZPNL",27.5403,100.7593,10804,"8","N","\N","airport","OurAirports"
13494,"Xinzhou Wutaishan Airport","Xinzhou","China","WUT","ZBXZ",38.597456,112.969173,2527,"8","N","\N","airport","OurAirports"
13496,"Chengjisihan Airport","Zhalantun","China","NZL","ZBZL",47.865833,122.767503,928,"8","N","\N","airport","OurAirports"
13726,"Beijing Xijiao Airport","Beijing","China","\N","ZBBB",39.9608,116.25700400000001,0,"\N","\N","\N","airport","OurAirports"
14090,"Yuanmou Air Base","Yuanmou","China","YUA","ZPYM",25.737499237061,101.88200378418001,3810,"\N","\N","\N","airport","OurAirports"
14091,"Changsha Datuopu Airport/AFB","Changsha","China","\N","ZGCS",28.0688991547,112.958000183,170,"\N","\N","\N","airport","OurAirports"
14092,"Xingcheng Air Base",,"China","XEN","ZYXC",40.580299377399996,120.69799804700001,30,"\N","\N","\N","airport","OurAirports"
