"Airline ID","Name","Alias","IATA","ICAO","Callsign","Country","Active"
2,"135 Airways","\N",,"GNL","GENERAL","United States","N"
9,"3D Aviation","\N",,"SEC","SECUREX","United States","N"
10,"40-Mile Air","\N","Q5","MLA","MILE-AIR","United States","Y"
22,"Aloha Airlines","\N","AQ","AAH","ALOHA","United States","Y"
23,"Alaska Island Air","\N",,"AAK","ALASKA ISLAND","United States","N"
24,"American Airlines","\N","AA","AAL","AMERICAN","United States","Y"
25,"Aviation Management Corporation","\N",,"AAM","AM CORP","United States","N"
26,"Atlantis Airlines (USA)","\N",,"AAO","ATLANTIS AIR","United States","N"
31,"Astro Air International","\N",,"AAV","ASTRO-PHIL","United States","N"
35,"Allegiant Air","\N","G4","AAY","ALLEGIANT","United States","Y"
49,"Airborne Express","\N","GB","ABX","ABEX","United States","N"
50,"ABX Air","\N","GB","ABX","ABEX","United States","N"
53,"Academy Airlines","\N",,"ACD","ACADEMY","United States","N"
57,"Air Aurora","\N",,"AAI","BOREALIS","United States","N"
66,"Advance Leasing Company","\N","4G",,,"United States","N"
67,"Aztec Worldwide Airlines","\N","7A",,,"United States","N"
81,"Aerodyne","\N",,"ADY","AERODYNE","United States","N"
89,"Anderson Aviation","\N",,"ADX","ANDAX","United States","N"
109,"Alaska Central Express","\N","KO","AER","ACE AIR","United States","Y"
115,"Airway Express","\N",,"AEX","AVCO","United States","N"
117,"Aerial Transit Company","\N",,"AEZ","AERIAL TRANZ","United States","N"
141,"Air Guam","\N",,"AGM","AIR GUAM","United States","N"
145,"Air Cargo America","\N",,"MVM","PEGASUS","United States","N"
149,"Air Cargo Carriers","\N","2Q","SNC","NIGHT CARGO","United States","Y"
164,"Atlantic Gulf Airlines","\N",,"AGF","ATLANTIC GULF","United States","N"
177,"Atlantic Coast Airlines","\N",,"BLR","BLUE RIDGE","United States","N"
182,"Aero Flight Service","\N",,"AGY","FLIGHT GROUP","United States","N"
188,"Aspen Helicopters","\N",,"AHF","ASPEN","United States","N"
205,"Alpine Air Express","\N","5A","AIP","ALPINE AIR","United States","N"
210,"Airlift International","\N",,"AIR","AIRLIFT","United States","Y"
217,"Air Illinois","\N",,"AIL","AIR ILLINOIS","United States","N"
236,"Ameristar Jet Charter","\N",,"AJI","AMERISTAR","United States","N"
237,"A2 Jet Leasing","\N",,"AJJ","ATLANTIC JET","United States","N"
246,"Amerijet International","\N","M6","AJT","AMERIJET","United States","N"
249,"Alpha Jet International","\N",,"AJW","ALPHAJET","United States","N"
273,"American Flyers","\N",,"FYS","AMERICAN FLYERS","United States","N"
274,"Aero Coach Aviation","\N",,"DFA","AERO COACH","United States","N"
275,"Atlantic Southeast Airlines","\N",,"CAA","Chandler","United States","N"
277,"Air Logistics","\N",,"ALG","AIRLOG","United States","N"
280,"Air Lincoln","\N",,"ALN","CHICAGO LINCOLN","United States","N"
281,"America West Airlines","\N","HP","AWE","CACTUS","United States","Y"
282,"Air Wisconsin","\N","ZW","AWI","AIR WISCONSIN","United States","Y"
285,"Arizona Express Airlines","\N",,"TMP","TEMPE","United States","N"
287,"Allegheny Commuter Airlines","\N",,"ALO","ALLEGHENY","United States","Y"
293,"Alyeska Air Service","\N",,"ALY","ALYESKA","United States","N"
295,"Air Sunshine","\N",,"RSI","AIR SUNSHINE","United States","Y"
298,"Ameriflight","\N",,"AMF","AMFLIGHT","United States","N"
313,"Air Specialties Corporation","\N",,"AMR","AIR AM","United States","N"
315,"ATA Airlines","\N",,"AMT","AMTRAN","United States","Y"
318,"Air Midwest","\N","ZV","AMW","AIR MIDWEST","United States","N"
342,"Air Nevada","\N",,"ANV","AIR NEVADA","United States","N"
368,"Air Vegas","\N","6V","VGA","AIR VEGAS","United States","N"
384,"Atlantic Airlines","\N",,"BJK","BLACKJACK","United States","N"
387,"ACM Aviation","\N",,"BJT","BAY JET","United States","N"
394,"Aspen Aviation","\N",,"APQ","ASPEN BASE","United States","N"
397,"Arrow Air","\N","JW","APW","BIG A","United States","Y"
398,"Apex Air Cargo","\N",,"APX","PARCEL EXPRESS","United States","N"
403,"Aluminum Company Of America","\N",,"AQO","ALCOA SHUTTLE","United States","N"
406,"Aerodyne Charter Company","\N",,"AQZ","QUANZA","United States","N"
409,"Air Routing International Corp.","\N",,"ARC",,"United States","N"
413,"Arrowhead Airways","\N",,"ARH","ARROWHEAD","United States","N"
437,"Argosy Airways","\N",,"ARY","GOSEY","United States","N"
438,"Air Resorts","\N",,"ARZ","AIR RESORTS","United States","N"
452,"Atlantic Southeast Airlines","\N","EV","ASQ","ACEY","United States","Y"
463,"Air Transport Association","\N",,"ATA",,"United States","N"
469,"Air Charter World","\N",,"XAC",,"United States","N"
471,"Air Travel Corp.","\N",,"ATH","AIR TRAVEL","United States","N"
478,"Air Transport International","\N","8C","ATN","AIR TRANSPORT","United States","N"
485,"Atlas Airlines","\N",,"ATR","ATLAS-AIR","United States","N"
499,"Austin Express","\N",,"TXX","COWBOY","United States","N"
535,"Airvantage Incorporated","\N",,"AVV","AIRVANTAGE","United States","N"
579,"Action Airlines (Action Air Charter)","\N",,"AXQ","ACTION AIR","United States","N"
585,"Altus Airlines","\N",,"AXS","ALTUS","United States","N"
604,"Arizona Pacific Airways","\N",,"AZP","ARIZONA PACIFIC","United States","N"
616,"Air Continental Inc","\N",,"NAR","NIGHT AIR","United States","N"
618,"Air Newark","\N",,"NER","NEWAIR","United States","N"
626,"Angel Flight America","\N",,"NGF","ANGEL FLIGHT","United States","N"
631,"Advance Aviation Services","\N",,"XTJ",,"United States","N"
648,"Air Spirit","\N",,"SIP","AIR SPIRIT","United States","N"
651,"Aroostook Aviation","\N",,"PXX","PINE STATE","United States","N"
659,"American Eagle Airlines","\N","MQ","EGF","EAGLE FLIGHT","United States","Y"
672,"Aero Air","\N",,"WIL","WILLIAMETTE","United States","N"
674,"Aero Industries Inc","\N",,"WAB","WABASH","United States","N"
679,"Aeronautical Radio Inc","\N",,"XAA",,"United States","N"
684,"Air-Rep","\N",,"XPR",,"United States","N"
688,"Air Net Private Charter","\N",,"WDR","WIND RIDER","United States","N"
698,"Aircraft Performance Group","\N",,"XLB",,"United States","N"
704,"Air-Lift Associates","\N",,"WPK","WOLFPACK","United States","N"
710,"Aviation Partners","\N",,"WLT","WINGLET","United States","N"
714,"Aviation North","\N",,"WLV","WOLVERINE","United States","N"
721,"AMR Services Corporation","\N",,"XAM","ALLIANCE","United States","N"
722,"Airline Operations Services","\N",,"XAO",,"United States","N"
729,"AT and T Aviation Division","\N",,"XAT",,"United States","N"
731,"Averitt Air Charter","\N",,"VRT","AVERITT","United States","N"
741,"American Flight Service Systems","\N",,"XFS",,"United States","N"
765,"Air Charter Professionals","\N",,"CHV","CHARTAIR","United States","N"
767,"Arctic Circle Air Service","\N","5F","CIR","AIR ARCTIC","United States","N"
768,"Aviation Charter Services","\N",,"CKL","CIRCLE CITY","United States","N"
771,"Air Care Alliance","\N",,"CMF","COMPASSION","United States","N"
774,"Aquila Air","\N",,"CNH","CHENANGO","United States","N"
783,"Aero Charter and Transport","\N",,"CTA","CHAR-TRAN","United States","N"
791,"Air Transport","\N",,"CYO","COYOTE","United States","N"
792,"Access Air","\N","ZA","CYD","CYCLONE","United States","Y"
796,"Air Alpha","\N",,"DBA","DOUBLE-A","United States","N"
801,"Astar Air Cargo","\N","ER","DHL","DAHL","United States","N"
815,"Aerodynamics Incorporated","\N",,"DNJ","DYNAJET","United States","N"
822,"Aex Air","\N",,"DST","DESERT","United States","N"
824,"Aero Dynamics","\N",,"DYN","AERO DYNAMIC","United States","N"
847,"Epps Air Service","\N",,"EPS","EPPS AIR","United States","N"
863,"Air Exchange","\N",,"EXG","EXCHANGE","United States","N"
868,"Aviation Data Systems","\N",,"FBW",,"United States","N"
869,"Air Carriers","\N",,"FCI","FAST CHECK","United States","N"
882,"Air Florida","\N","QH","FLZ","AIR FLORIDA","United States","Y"
887,"Ford Motor Company","\N",,"FRD","FORD","United States","N"
912,"Aero Charter","\N",,"GLT","GASLIGHT","United States","N"
925,"Airlift Alaska","\N",,"GSP","GREEN SPEED","United States","N"
928,"Atlas Air","\N","5Y","GTI","GIANT","United States","Y"
943,"Air Tahoma","\N",,"HMA","TAHOMA","United States","N"
974,"Avfinity","\N",,"UTX",,"United States","N"
980,"Aerosmith Aviation","\N",,"JPR","JASPER","United States","N"
994,"Air South","\N",,"KKB","KHAKI BLUE","United States","N"
1005,"Av Atlantic","\N",,"KYC","DOLPHIN","United States","N"
1023,"American Aviation","\N",,"LKP","LAKE POWELL","United States","N"
1025,"Air Solutions","\N",,"LKY","LUCKY","United States","N"
1065,"Atlantic Aero and Mid-Atlantic Freight","\N",,"MDC","NIGHT SHIP","United States","N"
1070,"Asia Pacific Airlines","\N",,"MGE","MAGELLAN","United States","N"
1080,"AMP Incorporated","\N",,"MMP","AMP-INC","United States","N"
1119,"Atlantic Richfield Company","\N",,"NRS","NORTH SLOPE","United States","N"
1145,"Air Cargo Express International","\N",,"PFT","PROFREIGHT","United States","N"
1155,"Atlantic Coast Jet","\N",,"PRT","PATRIOT","United States","N"
1164,"Aero Taxi Aviation","\N",,"QKC","QUAKER CITY","United States","N"
1170,"Air Center Helicopters","\N",,"RAP","RAPTOR","United States","N"
1179,"Air Mobility Command","\N","MC","RCH","REACH","United States","N"
1215,"Air Cargo Masters","\N",,"RNR","RUNNER","United States","N"
1250,"Anoka Air Charter","\N",,"RZZ","RED ZONE","United States","N"
1253,"American Jet International","\N",,"SCM","SCREAMER","United States","N"
1263,"Air San Juan","\N",,"SJN","SAN JUAN","United States","N"
1281,"Aeropac","\N",,"STK","SAT PAK","United States","N"
1282,"Air St. Thomas","\N",,"STT","PARADISE","United States","N"
1295,"Air Cargo Express","\N",,"TDG","TURBO DOG","United States","N"
1297,"Air Today","\N",,"TDY","AIR TODAY","United States","N"
1315,"Airmark Aviation","\N",,"TRH","TRANSTAR","United States","N"
1316,"AirTran Airways","\N","FL","TRS","CITRUS","United States","Y"
1320,"Avcenter","\N",,"TTE","TETON","United States","N"
1333,"Air LA","\N",,"UED","AIR L-A","United States","N"
1339,"Air Castle Corporation / Global Airways","\N",,"GLB","GLO-AIR","United States","N"
1347,"Baker Aviation","\N","8Q","BAJ","BAKER AVIATION","United States","N"
1348,"Blackhawk Airways","\N",,"BAK","BLACKHAWK","United States","N"
1377,"Bar Harbor Airlines","\N",,"AJC","BAR HARBOR","United States","N"
1382,"Basler Flight Service","\N",,"BFC","BASLER","United States","N"
1402,"Bighorn Airways","\N",,"BHR","BIGHORN AIR","United States","N"
1410,"Big Island Air","\N",,"BIG","BIG ISLE","United States","N"
1413,"Boise Interagency Fire Center","\N",,"BIN","BISON-AIR","United States","N"
1414,"Bird Leasing","\N",,"BIR","BIRD AIR","United States","N"
1418,"Business Jet Solutions","\N",,"BJS","SOLUTION","United States","N"
1419,"Bankair","\N","B4","BKA","BANKAIR","United States","N"
1421,"Barken International","\N",,"BKJ","BARKEN JET","United States","N"
1429,"Blue Horizon Travel Club","\N",,"BLH","BLUE HORIZON","United States","N"
1435,"Baltic Aviation","\N",,"BLT","BALTAIR","United States","N"
1442,"Bemidji Airlines","\N","CH","BMJ","BEMIDJI","United States","Y"
1444,"Bowman Aviation","\N",,"BMN","BOWMAN","United States","N"
1453,"Bancstar - Valley National Corporation","\N",,"BNS","BANCSTAR","United States","N"
1459,"Boeing","\N",,"BOE","BOEING","United States","N"
1472,"Bering Air","\N","8E","BRG","BERING AIR","United States","Y"
1474,"Branson Airlines","\N",,"BRN","BRANSON","United States","N"
1481,"Braniff International Airways","\N","BN","BNF","Braniff","United States","N"
1482,"Buffalo Express Airlines","\N",,"BRX","BUFF EXPRESS","United States","N"
1492,"Big Sky Airlines","\N","GQ","BSY","BIG SKY","United States","N"
1496,"Baltia Air Lines","\N",,"BTL","BALTIA FLIGHT","United States","N"
1498,"Business Express","\N",,"GAA","BIZEX","United States","N"
1505,"Buffalo Airways","\N",,"BVA","BUFFALO AIR","United States","N"
1507,"Baron Aviation Services","\N",,"BVN","SHOW-ME","United States","N"
1517,"Redding Aero Enterprises","\N",,"BXR","BOXER","United States","N"
1518,"Berry Aviation","\N",,"BYA","BERRY","United States","N"
1529,"Baltimore Air Transport","\N",,"CPJ","CORPJET","United States","N"
1530,"Boston-Maine Airways","\N","E9","CXS","CLIPPER CONNECTION","United States","N"
1532,"Baltimore Airways","\N",,"EAH","EASTERN","United States","N"
1547,"Bombardier Business Jet Solutions","\N",,"LXJ","FLEXJET","United States","N"
1556,"Butte Aviation","\N",,"PPS","PIPESTONE","United States","N"
1558,"Business Airfreight","\N",,"RLR","RATTLER","United States","N"
1566,"Biz Jet Charter","\N",,"VLX","AVOLAR","United States","N"
1570,"Baseops International","\N",,"XBO",,"United States","N"
1576,"C and M Aviation","\N",,"TIP","TRANSPAC","United States","N"
1577,"C&M Airways","\N",,"RWG","RED WING","United States","N"
1591,"CKC Services","\N",,"CKC",,"United States","N"
1597,"CSA Air","\N",,"IRO","IRON AIR","United States","N"
1605,"Cal-West Aviation","\N",,"REZ","CAL AIR","United States","N"
1606,"California Air Shuttle","\N",,"CSL","CALIFORNIA SHUTTLE","United States","N"
1609,"Camai Air","\N","R9","CAM","AIR CAMAI","United States","N"
1629,"Cape Air","\N","9K","KAP","CAIR","United States","Y"
1631,"Cape Central Airways","\N",,"SEM","SEMO","United States","N"
1632,"Cape Smythe Air","\N",,"CMY","CAPE SMYTHE AIR","United States","N"
1633,"Capital Air Service","\N",,"CPX","CAPAIR","United States","N"
1636,"Capital Cargo International Airlines","\N","PT","CCI","CAPPY","United States","N"
1637,"Capital City Air Carriers","\N",,"CCQ","CAP CITY","United States","N"
1639,"Capitol Air Express","\N",,"CEX","CAPITOL EXPRESS","United States","N"
1640,"Capitol Wings Airline","\N",,"CWZ","CAPWINGS","United States","N"
1643,"Cardinal/Air Virginia","\N",,"FVA","AIR VIRGINIA","United States","N"
1649,"Cargo 360","\N","GG","GGC","LONG-HAUL","United States","N"
1665,"Caribbean Express","\N",,"TLC","CARIB-X","United States","N"
1671,"Carroll Air Service","\N",,"ULS","ULSTER","United States","N"
1672,"Casement Aviation","\N",,"CMT","CASEMENT","United States","N"
1673,"Casino Airline","\N",,"CSO","CASAIR","United States","N"
1674,"Casper Air Service","\N",,"CSP","CASPER AIR","United States","N"
1676,"Castle Aviation","\N",,"CSJ","CASTLE","United States","N"
1678,"Catalina Flying Boats","\N",,"CBT","CATALINA AIR","United States","N"
1690,"Centennial Airlines","\N",,"CNL","WYO-AIR","United States","N"
1696,"Central Airlines","\N",,"CTL","CENTRAL COMMUTER","United States","N"
1699,"Central Aviation","\N",,"YOG","YOGAN AIR","United States","N"
1703,"Central Flying Service","\N",,"CHA","CHARTER CENTRAL","United States","N"
1707,"Central Skyport","\N",,"CSI","SKYPORT","United States","N"
1709,"Centre Airlines","\N",,"DTV","DUTCH VALLEY","United States","N"
1714,"Centurion Air Cargo","\N","WE","CWC","CHALLENGE CARGO","United States","N"
1717,"Certified Air Dispatch","\N",,"XAD",,"United States","N"
1721,"Chalk's Ocean Airways","\N","OP","CHK","CHALKS","United States","N"
1724,"Challenge International Airlines","\N",,"OFF","CHALLENGE AIR","United States","N"
1727,"Champion Air","\N","MG","CCP","CHAMPION AIR","United States","N"
1730,"Channel Island Aviation","\N",,"CHN","CHANNEL","United States","N"
1731,"Chantilly Air","\N",,"WML","MARLIN","United States","N"
1732,"Chaparral Airlines","\N",,"CPL","CHAPARRAL","United States","N"
1735,"Charlie Hammonds Flying Service","\N",,"HMD","HAMMOND","United States","N"
1736,"Charlotte Air National Guard","\N",,"CGD",,"United States","N"
1739,"Chautauqua Airlines","\N","RP","CHQ","CHAUTAUQUA","United States","Y"
1744,"Cherokee Express","\N",,"CBM","BLUE MAX","United States","N"
1745,"Cherry Air","\N",,"CCY","CHERRY","United States","N"
1746,"Chesapeake Air Service","\N",,"CAB","CHESAPEAKE AIR","United States","N"
1747,"Chevron U.S.A","\N",,"CVR","CHEVRON","United States","N"
1748,"Cheyenne Airways","\N",,"CYA","CHEYENNE AIR","United States","N"
1749,"Chicago Air","\N",,"CGO","WILD ONION","United States","N"
1750,"Chicago Express","\N","C8","WDY","WINDY CITY","United States","N"
1773,"Chipola Aviation","\N",,"CEP","CHIPOLA","United States","N"
1774,"Chippewa Air Commuter","\N",,"CPW","CHIPPEWA-AIR","United States","N"
1776,"Christman Air System","\N",,"CAS","CHRISTMAN","United States","N"
1778,"Chrome Air Services","\N",,"CHO","CHROME AIR","United States","N"
1779,"Church Aircraft","\N",,"CHU","CHURCHAIR","United States","N"
1783,"Cirrus Air","\N",,"NTS","NITE STAR","United States","N"
1786,"Citationshares","\N",,"FIV","FIVE STAR","United States","N"
1787,"Citibank","\N",,"XCX",,"United States","N"
1791,"City of Bangor","\N",,"XBG",,"United States","N"
1797,"Citylink Airlines","\N",,"HSR","HOOSIER","United States","N"
1799,"Civil Air Patrol South Carolina Wing","\N",,"BKR","BOX KAR","United States","N"
1805,"Clark Aviation","\N",,"CLK","CLARKAIR","United States","N"
1807,"Clay Lacy Aviation","\N",,"CLY","CLAY-LACY","United States","N"
1814,"Coastal Air","\N","DQ",,"U.S. Virgin Islands","United States","Y"
1815,"Coastal Air Transport","\N",,"TCL","TRANS COASTAL","United States","N"
1816,"Coastal Airways","\N",,"CNG","SID-AIR","United States","N"
1818,"Cohlmia Aviation","\N",,"CHL","COHLMIA","United States","N"
1820,"Colemill Enterprises","\N",,"CLE","COLEMILL","United States","N"
1821,"Colgan Air","\N","9L","CJC","COLGAN","United States","Y"
1823,"Colt International","\N",,"CCX",,"United States","N"
1825,"Columbia Helicopters","\N",,"WCO","COLUMBIA HELI","United States","N"
1826,"Columbus Air Transport","\N",,"KLR","KAY-LER","United States","N"
1827,"Colvin Aviation","\N",,"GHP","GRASSHOPPER EX","United States","N"
1828,"Comair","\N","OH","COM","COMAIR","United States","Y"
1842,"Commonwealth Jet Service","\N",,"CJS","COMMONWEALTH","United States","N"
1843,"CommutAir","\N","C5","UCA","COMMUTAIR","United States","Y"
1860,"Compass Airlines","\N","CP","CPZ","Compass Rose","United States","Y"
1862,"Compuflight Operations Service","\N",,"XCO",,"United States","N"
1863,"Compuserve Incorporated","\N",,"XCS",,"United States","N"
1866,"Condor Aero Services","\N",,"CNR","CONAERO","United States","N"
1871,"Congressional Air","\N",,"CGA","CONGRESSIONAL","United States","N"
1874,"Conquest Airlines","\N",,"CAC","CONQUEST AIR","United States","N"
1875,"Conroe Aviation Services","\N",,"CXO","CONROE AIR","United States","N"
1880,"Contel ASC","\N",,"XCL",,"United States","N"
1881,"Continental Airlines","\N","CO","COA","CONTINENTAL","United States","Y"
1883,"Continental Express","\N","CO",,"JETLINK","United States","Y"
1884,"Continental Micronesia","\N","CS","CMI","AIR MIKE","United States","Y"
1885,"Continental Oil","\N",,"CON","CONOCO","United States","N"
1887,"Cook Inlet Aviation","\N",,"CKA","COOK-AIR","United States","N"
1891,"Copper State Air Service","\N",,"COP","COPPER STATE","United States","N"
1900,"Corporate Air","\N",,"CPT","AIR SPUR","United States","N"
1901,"Corporate Air","\N",,"CPR","CORPAIR","United States","N"
1902,"Corporate Aircraft Company","\N",,"CPO","MOKAN","United States","N"
1904,"Corporate Aviation Services","\N",,"CKE","CHECKMATE","United States","N"
1905,"Corporate Flight International","\N",,"VHT","VEGAS HEAT","United States","N"
1906,"Corporate Flight Management","\N",,"VTE","VOLUNTEER","United States","N"
1907,"Corporate Jets","\N",,"CJI","SEA JET","United States","N"
1915,"Courier Services","\N",,"CSD","DELIVERY","United States","N"
1929,"Crow Executive Air","\N",,"CWX","CROW EXPRESS","United States","N"
1930,"Crown Air Systems","\N",,"CKR","CROWN AIR","United States","N"
1931,"Crown Airways","\N",,"CRO","CROWN AIRWAYS","United States","Y"
1934,"Cryderman Air Service","\N",,"CTY","CENTURY","United States","N"
1935,"Crystal Shamrock","\N",,"CYT","CRYSTAL-AIR","United States","N"
1937,"Cumberland Airways (Nicholson Air Service)","\N",,"CBL","CUMBERLAND","United States","N"
1938,"Custom Air Transport","\N",,"CTT","CATT","United States","N"
1948,"D & D Aviation","\N",,"DDA","DUSTY","United States","N"
1949,"D&K Aviation","\N",,"DNK","DIRECT JET","United States","N"
1965,"DSWA","\N",,"RSK","REDSKIN","United States","N"
1970,"Daimler-Chrysler","\N",,"DCX","DAIMLER","United States","N"
1974,"Dallas Express Airlines","\N",,"DXP","DALLAS EXPRESS","United States","N"
1976,"Danbury Airways","\N",,"DSA","DANBURY AIRWAYS","United States","N"
1985,"Dash Air Charter","\N",,"DSH","DASH CHARTER","United States","N"
1989,"Dassault Falcon Jet Corporation","\N",,"CVF","CLOVERLEAF","United States","N"
1992,"Date Transformation Corp","\N",,"XDT",,"United States","N"
1995,"Dawn Air","\N",,"DWN","DAWN AIR","United States","N"
1996,"DayJet","\N",,"DJS","DAYJET","United States","N"
2000,"Decatur Aviation","\N",,"DAA","DECUR","United States","N"
2004,"Deere and Company","\N",,"JDC","JOHN DEERE","United States","N"
2005,"Delaware Skyways","\N",,"DWR","DELAWARE","United States","N"
2008,"Delta Air Elite","\N",,"ELJ","ELITE JET","United States","N"
2009,"Delta Air Lines","\N","DL","DAL","DELTA","United States","Y"
2012,"Delta State University","\N",,"DSU","DELTA STATE","United States","N"
2014,"Denver Express","\N",,"FEC","FALCON EXPRESS","United States","N"
2015,"Denver Jet","\N",,"DJT","DENVER JET","United States","N"
2025,"Diamond Aviation","\N",,"SPK","SPARKLE","United States","N"
2027,"Digital Equipment Corporation","\N",,"DGT","DIGITAL","United States","N"
2031,"Direct Air","\N",,"DIA","BLUE SKY","United States","N"
2032,"Direct Air trading as Midway Connection","\N",,"XAP","MID-TOWN","United States","N"
2036,"Discover Air","\N",,"DCV","DISCOVER","United States","N"
2037,"Discovery Airways","\N","DH","DVA","DISCOVERY AIRWAYS","United States","N"
2038,"Dispatch Services","\N",,"XDS",,"United States","N"
2040,"Dixie Airways","\N",,"DEE","TACAIR","United States","N"
2044,"Dolphin Express Airlines","\N",,"IXX","ISLAND EXPRESS","United States","N"
2059,"Drummond Island Air","\N",,"DRE","MICHIGAN","United States","N"
2066,"Duncan Aviation","\N",,"PHD","PANHANDLE","United States","N"
2073,"Dwyer Aircraft Services","\N",,"DFS","DWYAIR","United States","N"
2074,"Dynair Services","\N",,"XDY",,"United States","N"
2078,"E H Darby Aviation","\N",,"EHD","PLATINUM AIR","United States","N"
2092,"Eagle Aero","\N",,"ICR","ICARUS FLIGHTS","United States","N"
2101,"Eagle Jet Charter","\N",,"EGJ","EAGLE JET","United States","N"
2102,"Eaglemed (Ballard Aviation)","\N",,"EMD","EAGLEMED","United States","N"
2109,"East Coast Jets","\N",,"ECJ","EASTCOAST JET","United States","N"
2110,"East Hampton Aire","\N",,"EHA","AIRE HAMPTON","United States","N"
2111,"East Kansas City Aviation","\N",,"EKC","BLUE GOOSE","United States","N"
2119,"Eastern Carolina Aviation","\N",,"ECI","EASTERN CAROLINA","United States","N"
2122,"Eastern Metro Express","\N",,"EME","EMAIR","United States","N"
2126,"Eastwind Airlines","\N","W9","SGR","STINGER","United States","N"
2128,"Eckles Aircraft","\N",,"CMN","CIMMARON AIRE","United States","N"
2129,"Eclipse Aviation","\N",,"EJT","ECLIPSE JET","United States","N"
2139,"Edgartown Air","\N",,"SLO","SLOW","United States","N"
2141,"Edwards Jet Center of Montana","\N",,"EDJ","EDWARDS","United States","N"
2156,"Elan Express","\N",,"ELX","ELAN","United States","N"
2173,"Elliott Aviation","\N",,"ELT","ELLIOT","United States","N"
2177,"Embassy Freight Company","\N",,"EFT","EMBASSY FREIGHT","United States","N"
2179,"Embry-Riddle Aeronautical University","\N",,"XSL","SATSLAB","United States","N"
2181,"Emery Worldwide Airlines","\N",,"EWW","EMERY","United States","N"
2185,"Empire Air Service","\N",,"EMP","EMPIRE","United States","N"
2186,"Empire Airlines","\N","EM","CFS","EMPIRE AIR","United States","N"
2203,"Entergy Services","\N",,"ENS","ENTERGY SHUTTLE","United States","N"
2205,"Eos Airlines","\N","E0","ESS","NEW DAWN","United States","N"
2209,"Era Helicopters","\N",,"ERH","ERAH","United States","N"
2212,"Erie Airways","\N",,"ERE","AIR ERIE","United States","N"
2261,"Evergreen International Airlines","\N","EZ","EIA","EVERGREEN","United States","Y"
2262,"Everts Air Alaska/Everts Air Cargo","\N",,"VTS","EVERTS","United States","N"
2273,"Executive Air Charter","\N",,"EAC","EXECAIR","United States","N"
2274,"Executive Air Fleet","\N",,"XAF",,"United States","N"
2277,"Executive Airlines","\N","OW","EXK","EXECUTIVE EAGLE","United States","N"
2280,"Executive Flight","\N",,"EXE","EXEC","United States","N"
2283,"Executive Jet Management","\N",,"EJM","JET SPEED","United States","N"
2289,"Express Air","\N",,"FXA","EFFEX","United States","N"
2291,"Express Line Aircompany","\N",,"XPL","EXPRESSLINE","United States","N"
2292,"Express Net Airlines","\N",,"XNA","EXPRESSNET","United States","N"
2293,"Express One International","\N","EO","LHN","LONGHORN","United States","Y"
2295,"ExpressJet","\N","XE","BTA","JET LINK","United States","Y"
2298,"NetJets","\N",,"EJA",,"United States","N"
2299,"F.S. Air Service","\N",,"EYE","SOCKEYE","United States","N"
2301,"FINFO Flight Inspection Aircraft","\N",,"FLC","FLIGHT CHECK","United States","N"
2303,"FLTPLAN","\N",,"DCM","DOT COM","United States","N"
2315,"Fairways Corporation","\N",,"FWY","FAIRWAYS","United States","N"
2318,"Falcon Air Express","\N",,"FAO","PANTHER","United States","N"
2323,"Falwell Aviation","\N",,"FAW","FALWELL","United States","N"
2325,"Farmingdale State University","\N",,"FDL","FARMINGDALE STATE","United States","N"
2332,"Farwest Airlines","\N",,"FRW","FARWEST","United States","N"
2336,"Fayetteville Flying Service and Scheduled Skyways System","\N",,"SKM","SKYTEM","United States","N"
2340,"Federal Armored Service","\N",,"FRM","FEDARM","United States","N"
2341,"Federal Aviation Administration","\N",,"NHK","NIGHTHAWK","United States","N"
2342,"Federal Express","\N","FX","FDX","FEDEX","United States","N"
2347,"Financial Airxpress","\N",,"FAK","FACTS","United States","N"
2348,"Fine Airlines","\N",,"FBF","FINE AIR","United States","N"
2359,"First Flying Squadron","\N",,"GGA","JAWJA","United States","N"
2364,"Flagship Express Services","\N",,"FSX","FLAG","United States","N"
2366,"Flamenco Airways","\N",,"WAF","FLAMENCO","United States","N"
2367,"Flamingo Air","\N",,"FMR","FLAMINGO AIR","United States","N"
2374,"Flight Alaska","\N",,"TUD","TUNDRA","United States","N"
2379,"Flight Express","\N",,"FLX","FLIGHT EXPRESS","United States","N"
2382,"Flight International","\N",,"IVJ","INVADER JACK","United States","N"
2383,"Flight Line","\N",,"MIT","MATCO","United States","N"
2384,"Flight Ops International","\N",,"FOI",,"United States","N"
2385,"Flight Options","\N",,"OPT","OPTIONS","United States","N"
2389,"Flight Trac","\N",,"CCK","CABLE CHECK","United States","N"
2393,"Flightcraft","\N",,"CSK","CASCADE","United States","N"
2397,"Flightstar Corporation","\N",,"FSR","FLIGHTSTAR","United States","N"
2398,"Flightworks","\N",,"KDZ","KUDZU","United States","N"
2399,"Flint Aviation Services","\N",,"FAZ","FLINT AIR","United States","N"
2400,"Florida Air","\N",,"OJY","OHJAY","United States","N"
2401,"Florida Coastal Airlines","\N","PA","FCL","FLORIDA COASTAL","United States","N"
2402,"Florida Department of Agriculture","\N",,"FFS","FORESTRY","United States","N"
2403,"Florida Jet Service","\N",,"FJS","FLORIDAJET","United States","N"
2404,"Florida West International Airways","\N","RF","FWL","FLO WEST","United States","Y"
2435,"Focus Air","\N",,"FKS","FOCUS","United States","N"
2443,"Forward Air International Airlines","\N","BN",,,"United States","N"
2444,"Foster Aviation","\N",,"FSA","FOSTER-AIR","United States","N"
2448,"Four Star Aviation / Four Star Cargo","\N","HK","FSC","FOUR STAR","United States","N"
2449,"Four Winds Aviation","\N",,"WDS","WINDS","United States","N"
2454,"Freedom Air","\N","FP","FRE","FREEDOM","United States","Y"
2456,"Freedom Airlines","\N",,"FRL","FREEDOM AIR","United States","Y"
2459,"Freight Runners Express","\N",,"FRG","FREIGHT RUNNERS","United States","N"
2465,"Friendship Air Alaska","\N",,"FAL","FRIENDSHIP","United States","N"
2468,"Frontier Airlines","\N","F9","FFT","FRONTIER FLIGHT","United States","Y"
2469,"Frontier Commuter","\N",,"ITR","OUT BACK","United States","N"
2470,"Frontier Flying Service","\N","2F","FTA","FRONTIER-AIR","United States","Y"
2474,"Full Express","\N",,"GAX","GRAND AIRE","United States","N"
2483,"GAK/Mitchell Aero","\N",,"MTA","GAK AVIATION","United States","N"
2485,"GB Airlink","\N",,"GBX","ISLAND TIGER","United States","N"
2487,"GCS Air Service","\N",,"GCS","GALION","United States","N"
2495,"GP Express Airlines","\N",,"GPE","REGIONAL EXPRESS","United States","N"
2499,"GTA Air","\N",,"GTX","BIG-DEE","United States","N"
2504,"Gail Force Express","\N",,"GFC","GAIL FORCE","United States","N"
2510,"Galena Air Service","\N",,"GAS","GALENA AIR SERVICE","United States","N"
2511,"Galileo International","\N","1G",,,"United States","N"
2518,"Garden State Airlines","\N",,"GSA","GARDEN STATE","United States","N"
2526,"Gemini Air Cargo","\N","GR","GCO","GEMINI","United States","N"
2533,"General Aviation Flying Services","\N",,"GTH","GOTHAM","United States","N"
2535,"General Motors","\N",,"GMC","GENERAL MOTORS","United States","N"
2557,"Gibson Aviation","\N",,"NTC","NIGHT CHASE","United States","N"
2558,"Global Air Charter","\N",,"RPS","RESPONSE","United States","N"
2567,"Global Jet Corporation","\N",,"NSM","THUNDERCLOUD","United States","N"
2569,"Global Sky Aircharter","\N",,"GSK","GLOBAL SKY","United States","N"
2571,"Global System","\N",,"XGS",,"United States","N"
2572,"Global Weather Dynamics","\N",,"XGW",,"United States","N"
2577,"GoJet Airlines","\N","G7","GJS","GATEWAY","United States","Y"
2586,"Golden Airlines","\N",,"GDD","GOLDEN AIRLINES","United States","N"
2587,"Golden Pacific Airlines","\N",,"GPA","GOLDEN PAC","United States","N"
2601,"Grand Aire Express","\N",,"GAE","GRAND EXPRESS","United States","N"
2602,"Grand Airways","\N",,"GND","GRAND VEGAS","United States","N"
2603,"Grand Canyon Airlines","\N",,"CVU","CANYON VIEW","United States","N"
2604,"Grant Aviation","\N","GS","GUN","HOOT","United States","N"
2606,"Great American Airways","\N",,"GRA","GREAT AMERICAN","United States","N"
2607,"Great Lakes Airlines","\N","ZK","GLA","LAKES AIR","United States","Y"
2609,"Great Plains Airlines","\N",,"GRP","GREAT PLAINS","United States","N"
2611,"Great Western Air","\N",,"GWA","G-W AIR","United States","N"
2635,"Gulf & Caribbean Cargo / Contract Air Cargo","\N",,"TSU","TRANSAUTO","United States","N"
2639,"Gulf Air Inc","\N",,"GAT","GULF TRANS","United States","N"
2640,"Gulf Central Airlines","\N",,"GCN","GULF CENTRAL","United States","N"
2641,"Gulf Flite Center","\N",,"SFY","SKY FLITE","United States","N"
2643,"Gulfstream Aerospace","\N",,"GLF","GULFSTREAM TEST","United States","N"
2644,"Gulfstream Airlines","\N",,"GFS","GULFSTAR","United States","N"
2645,"Gulfstream International Airlines","\N",,"GFT","GULF FLIGHT","United States","Y"
2646,"Gull Air","\N",,"GUL","GULL-AIR","United States","N"
2656,"Hadison Aviation","\N",,"FMS","HADI","United States","N"
2657,"Hageland Aviation Services","\N","H6","HAG","HAGELAND","United States","Y"
2677,"Hand D Aviation","\N",,"WVA","WABASH VALLEY","United States","N"
2683,"Harbor Airlines","\N","HB","HAR","HARBOR","United States","N"
2688,"Hawaiian Airlines","\N","HA","HAL","HAWAIIAN","United States","Y"
2689,"Hawaiian Pacific Airlines","\N","HP",,,"United States","N"
2693,"Hawkaire","\N",,"HKI","HAWKEYE","United States","N"
2745,"Helitrans Air Service","\N",,"HTS","HELITRANS","United States","N"
2753,"Heritiage Flight (Valley Air Services)","\N",,"SSH","SNOWSHOE","United States","N"
2754,"Herman's Markair Express","\N",,"MRX","SPEEDMARK","United States","N"
2763,"Hogan Air","\N",,"HGA","HOGAN AIR","United States","N"
2769,"Holiday Airlines","\N",,"HOL","HOLIDAY","United States","N"
2776,"Hop-A-Jet","\N",,"HPJ","HOPA-JET","United States","N"
2778,"Horizon Air","Horizon Airlines","QX","QXE","HORIZON AIR","United States","Y"
2779,"Horizon Air Service","\N",,"KOK","KOKO","United States","N"
2784,"Horizons Unlimited","\N",,"HUD","HUD","United States","N"
2787,"Houston Helicopters","\N",,"HHO","HOUSTON HELI","United States","N"
2790,"Hub Airlines","\N",,"HUB","HUB","United States","N"
2791,"Huessler Air Service","\N",,"HUS","HUESSLER","United States","N"
2792,"Hughes Aircraft Company","\N",,"GMH","HUGHES EXPRESS","United States","N"
2793,"Hummingbird Helicopter Service","\N",,"WHR","WHIRLEYBIRD","United States","N"
2801,"IBC Airways","\N","II","CSQ","CHASQUI","United States","N"
2808,"IFL Group","\N",,"IFL","EIFEL","United States","N"
2820,"ITA Software","\N","1U",,,"United States","N"
2841,"Iliamna Air Taxi","\N",,"IAR","ILIAMNA AIR","United States","N"
2846,"Imperial Airways","\N",,"PNX","PHOENIX","United States","N"
2848,"Independence Air","\N","DH","IDE","INDEPENDENCE AIR","United States","N"
2855,"Indigo","\N","I9","IBU","INDIGO BLUE","United States","Y"
2876,"Inter-Air","\N",,"ITA","CAFEX","United States","N"
2878,"Inter-Island Air","\N",,"UGL","UGLY VAN","United States","N"
2879,"Inter-Mountain Airways","\N",,"IMA","INTER-MOUNTAIN","United States","N"
2880,"Inter-State Aviation","\N",,"ITS","INTER-STATE","United States","N"
2898,"International Air Corporation","\N",,"EXX","EXPRESS INTERNATIONAL","United States","N"
2899,"International Air Service","\N",,"IAS","STARFLEET","United States","N"
2902,"International Business Aircraft","\N",,"IBY","CENTRAL STAGE","United States","N"
2904,"International Charter Xpress","\N",,"ICX","INTEX","United States","N"
2907,"International Flight Training Academy","\N",,"IFX","IFTA","United States","N"
2908,"International Jet Aviation Services","\N",,"IJA","I-JET","United States","N"
2909,"International Jet Charter","\N",,"HSP","HOSPITAL","United States","N"
2914,"Interport Corporation","\N",,"IPT","INTERPORT","United States","N"
2921,"Iowa Airways","\N",,"IOA","IOWA AIR","United States","N"
2935,"Island Air Charters","\N",,"ILF","ISLAND FLIGHT","United States","N"
2936,"Island Air Express","\N",,"XYZ","RAINBIRD","United States","N"
2937,"Island Airlines","\N","IS",,,"United States","Y"
2941,"Island Express","\N","2S","SDY","SANDY ISLE","United States","N"
2943,"Island Helicopters","\N",,"MTP","METROCOPTER","United States","N"
2949,"Isle Grande Flying School","\N",,"IGS","ISLA GRANDE","United States","N"
2967,"J P Hunt Air Carriers","\N",,"RFX","REFLEX","United States","N"
2974,"JM Family Aviation","\N",,"TQM","TACOMA","United States","N"
2984,"Janair","\N",,"JAX","JANAIR","United States","N"
2995,"Jenney Beechcraft","\N",,"JNY","JENAIR","United States","N"
2996,"Jeppesen Data Plan","\N",,"XLD",,"United States","N"
3001,"Jet Airways","\N","QJ",,,"United States","Y"
3002,"Jet Aspen Air Lines","\N",,"JTX","JET ASPEN","United States","N"
3004,"Jet Aviation Business Jets","\N",,"BZF","BIZFLEET","United States","N"
3006,"Jet Charter","\N",,"JCT","JET CHARTER","United States","N"
3009,"Jet Courier Service","\N",,"DWW","DON JUAN","United States","N"
3010,"Jet East International","\N",,"JED","JET EAST","United States","N"
3013,"Jet Freighters","\N",,"CFT","CASPER FREIGHT","United States","N"
3017,"Jet Link Aviation","\N",,"HTL","HEARTLAND","United States","N"
3029,"JetBlue Airways","\N","B6","JBU","JETBLUE","United States","Y"
3036,"Jetcorp","\N",,"UEJ","JETCORP","United States","N"
3058,"Jettrain Corporation","\N",,"JTN","JETTRAIN","United States","N"
3059,"Jetways of Iowa","\N",,"JWY","JETWAYS","United States","N"
3063,"Jim Hankins Air Service","\N",,"HKN","HANKINS","United States","N"
3064,"Jim Ratliff Air Service","\N",,"RAS","SHANHIL","United States","N"
3067,"Johnson Air","\N",,"JHN","AIR JOHNSON","United States","N"
3069,"Johnston Airways","\N",,"JMJ","JOHNSTON","United States","N"
3083,"Justice Prisoner and Alien Transportation System","\N",,"DOJ","JUSTICE","United States","N"
3093,"Kaiser Air","\N",,"KAI","KAISER","United States","N"
3094,"Kalitta Air","\N","K4","CKS","CONNIE","United States","N"
3095,"Kalitta Charters","\N",,"KFS","KALITTA","United States","N"
3101,"Kansas State University","\N",,"KSU","K-STATE","United States","N"
3111,"Kavouras Inc","\N",,"XKA",,"United States","N"
3123,"Kenmore Air","\N","M5","KEN","KENMORE","United States","Y"
3128,"Key Airlines","\N",,"KEY","KEY AIR","United States","N"
3129,"Key Lime Air","\N",,"LYM","KEY LIME","United States","N"
3130,"Keystone Aerial Surveys","\N",,"FTP","FOOTPRINT","United States","N"
3141,"Kingfisher Air Services","\N",,"BEZ","SEA BREEZE","United States","N"
3149,"Kitty Hawk Aircargo","\N",,"KHA","AIR KITTYHAWK","United States","N"
3150,"Kitty Hawk Airways","\N",,"KHC","CARGO HAWK","United States","N"
3151,"Kiwi International Air Lines","\N","KP","KIA","KIWI AIR","United States","N"
3153,"Knighthawk Express","\N",,"KHX","RIZZ","United States","N"
3190,"L A Helicopter","\N",,"LAH","STAR SHIP","United States","N"
3191,"L J Aviation","\N",,"LJY","ELJAY","United States","N"
3194,"L'Express","\N",,"LEX","LEX","United States","N"
3195,"L-3 Communications Flight Internation Aviation","\N",,"FNT","FLIGHT INTERNATIONAL","United States","N"
3196,"L.A.B. Flying Service","\N","JF","LAB","LAB","United States","N"
3214,"LTV Jet Fleet Corporation","\N",,"JFC","JET-FLEET","United States","N"
3218,"Labcorp","\N",,"SKQ","SKYLAB","United States","N"
3221,"Lake Havasu Air Service","\N",,"HCA","HAVASU","United States","N"
3222,"Lakeland Aviation","\N",,"LKL","LAKELAND","United States","N"
3223,"Laker Airways","\N",,"LKR","LAKER","United States","N"
3224,"Laker Airways (Bahamas)","\N",,"LBH","LAKER BAHAMAS","United States","N"
3236,"Laredo Air","\N",,"LRD","LAREDO AIR","United States","N"
3241,"Laughlin Express","\N",,"LEP","LAUGHLIN EXPRESS","United States","N"
3243,"Lawrence Aviation","\N",,"LAR","LAWRENCE","United States","N"
3245,"Lease-a-Plane International","\N",,"LPL","LEASE-A-PLANE","United States","N"
3248,"Lebanon Airport Development Corporation","\N",,"LAD","LADCO-AIR","United States","N"
3250,"Leconte Airlines","\N",,"LCA","LECONTE","United States","N"
3252,"Legend Airlines","\N",,"LGD","LEGENDARY","United States","N"
3253,"Leisure Air","\N",,"LWD","LEISURE WORLD","United States","N"
3254,"Lentini Aviation","\N",,"LEN","LENTINI","United States","N"
3265,"Lincoln Air National Guard","\N",,"GDQ",,"United States","N"
3267,"Lindsay Aviation","\N",,"LSY","LINDSAY AIR","United States","N"
3297,"Lockheed Air Terminal","\N",,"XLG",,"United States","N"
3298,"Lockeed Aircraft Corporation","\N",,"LAC","LOCKHEED","United States","N"
3299,"Lockheed DUATS","\N",,"XDD",,"United States","N"
3300,"Lockheed Martin Aeronautics","\N",,"CBD","CATBIRD","United States","N"
3301,"Lockheed Martin Aeronautics Company","\N",,"LNG","LIGHTNING","United States","N"
3309,"Lone Star Airlines","\N",,"LSS","LONE STAR","United States","N"
3310,"Long Island Airlines","\N",,"ORA","LONG ISLAND","United States","N"
3337,"Lynch Flying Service","\N",,"LCH","LYNCH AIR","United States","N"
3338,"Lynden Air Cargo","\N","L2","LYC","LYNDEN","United States","N"
3339,"Lynx Air International","\N",,"LXF","LYNX FLIGHT","United States","N"
3344,"M & N Aviation","\N",,"JNH","JONAH","United States","N"
3361,"Mac Dan Aviation Corporation","\N",,"MCN","MAC DAN","United States","N"
3369,"Mahalo Air","\N",,"MLH","MAHALO","United States","N"
3372,"Maine Aviation","\N",,"MAT","MAINE-AV","United States","N"
3373,"Majestic Airlines","\N",,"MAJ","MAGIC AIR","United States","N"
3383,"Mall Airways","\N",,"MLS","MALL-AIRWAYS","United States","N"
3397,"Mannion Air Charter","\N",,"MAN","MANNION","United States","N"
3404,"Markair","\N",,"MRK","MARKAIR","United States","N"
3409,"Martin Aviation Services","\N",,"XMA",,"United States","N"
3412,"Martinaire","\N",,"MRA","MARTEX","United States","N"
3415,"Maryland State Police","\N",,"TRP","TROOPER","United States","N"
3416,"Massachusetts Institute of Technology","\N",,"MTH","RESEARCH","United States","N"
3419,"Master Planner","\N",,"MPL",,"United States","N"
3427,"Maverick Airways","\N",,"MVR","MAV-AIR","United States","N"
3434,"Maxjet Airways","\N","MY","MXJ","MAX-JET","United States","N"
3436,"May Air Xpress","\N",,"MXP","BEECHNUT","United States","N"
3441,"McCall Aviation","\N",,"MKL","MCCALL","United States","N"
3442,"McDonnell Douglas","\N",,"DAC","DACO","United States","N"
3443,"McNeely Charter Services","\N",,"MDS","MID-SOUTH","United States","N"
3444,"Med-Trans of Florida","\N",,"MEK","MED-TRANS","United States","N"
3450,"Medjet International","\N",,"MEJ","MEDJET","United States","N"
3457,"Mercury Aircourier Service","\N",,"MEC","MERCAIR","United States","N"
3459,"Meridian Air Cargo","\N",,"MRD","MERIDIAN","United States","N"
3464,"Merlin Airways","\N",,"MEI","AVALON","United States","N"
3466,"Mesa Airlines","\N","YV","ASH","AIR SHUTTLE","United States","Y"
3467,"Mesaba Airlines","\N","XJ","MES","MESABA","United States","Y"
3470,"Methow Aviation","\N",,"MER","METHOW","United States","N"
3472,"Metro Express","\N",,"MEX","EAGLE EXPRESS","United States","N"
3473,"Metroflight","\N",,"MTR","METRO","United States","N"
3481,"Miami Air Charter","\N",,"HUR","HURRICANE CHARTER","United States","N"
3482,"Miami Air International","\N","GL","BSK","BISCAYNE","United States","N"
3483,"Miami Valley Aviation","\N",,"OWL","NIGHT OWL","United States","N"
3488,"Mid-Pacific Airlines","\N",,"MPA","MID PAC","United States","N"
3489,"Midamerica Jet","\N",,"MJR","MAJOR","United States","N"
3492,"Midline Air Freight","\N",,"MFR","MIDLINE FREIGHT","United States","N"
3493,"Midstate Airlines","\N",,"MIS","MIDSTATE","United States","N"
3494,"Midway Airlines","\N","JI","MDW","MIDWAY","United States","Y"
3495,"Midway Express","\N",,"FLA","PALM","United States","N"
3496,"Midwest Air Freighters","\N",,"FAX","FAIRFAX","United States","N"
3497,"Midwest Airlines","\N","YX","MEP",,"United States","Y"
3499,"Midwest Aviation","\N",,"NIT","NIGHTTRAIN","United States","N"
3500,"Midwest Aviation Division","\N",,"MWT","MIDWEST","United States","N"
3505,"Miller Flying Services","\N",,"MFS","MILLER TIME","United States","N"
3506,"Million Air","\N",,"OXO","MILL AIR","United States","N"
3510,"Minebea Technologies","\N",,"EBE","MINEBEA","United States","N"
3522,"Mississippi State University","\N",,"BDG","BULLDOG","United States","N"
3523,"Mississippi Valley Airways","\N",,"MVA","VALAIR","United States","N"
3533,"Monarch Airlines","\N",,"MNH","MONARCH AIR","United States","N"
3541,"Mooney Aircraft Corporation","\N",,"MNY","MOONEY FLIGHT","United States","N"
3543,"Morris Air Service","\N",,"MSS","WASATCH","United States","N"
3544,"Morrison Flying Service","\N",,"MRO","MORRISON","United States","N"
3549,"Mountain Air Cargo","\N",,"MTN","MOUNTAIN","United States","N"
3551,"Mountain Air Express","\N",,"PKP","PIKES PEAK","United States","N"
3552,"Mountain Air Service","\N",,"BRR","MOUNTAIN AIR","United States","N"
3553,"Mountain Bird","\N",,"MBI","MOUNTAIN BIRD","United States","N"
3554,"Mountain High Aviation","\N",,"MHA","MOUNTAIN HIGH","United States","N"
3556,"Mountain Valley Air Service","\N",,"MTV","MOUNTAIN VALLEY","United States","N"
3557,"Mowhawk Airlines","\N",,"MOW","MOHAWK AIR","United States","N"
3561,"Multi-Aero","\N",,"WBR","WEBER","United States","N"
3564,"Murray Air","\N",,"MUA","MURRAY AIR","United States","N"
3584,"Nantucket Airlines","\N","DV","ACK","ACK AIR","United States","N"
3586,"Napier Air Service Inc","\N",,"NAP","NAPIER","United States","N"
3590,"Nashville Jet Charters","\N",,"NJC","NASHVILLE JET","United States","N"
3592,"Natioanl Air Traffic Controllers Association","\N",,"NTK","NATCA","United States","N"
3595,"National Airlines","\N",,"NAN","NATION AIR","United States","N"
3597,"National Airlines","\N","N7","ROK","RED ROCK","United States","N"
3598,"National Airlines","\N",,"NAL","NATIONAL","United States","N"
3604,"National Express","\N",,"NXT","NATIONAL FREIGHT","United States","N"
3607,"National Jet Service","\N",,"AND","AIR INDIANA","United States","N"
3609,"National Oceanic and Atmospheric Administration","\N",,"NAA","NOAA","United States","N"
3612,"Nations Air Express Inc","\N",,"NAE","NATIONS EXPRESS","United States","N"
3626,"Navinc Airlines Services","\N",,"XNV",,"United States","N"
3627,"Navitaire","\N","1N",,,"United States","N"
3630,"State of Nebraska","\N",,"NEB","NEBRASKA","United States","N"
3641,"NetJets","\N","1I","EJA","EXECJET","United States","Y"
3643,"New England Air Express","\N",,"NEZ","ENGAIR","United States","N"
3644,"New England Airlines","\N","EJ","NEA","NEW ENGLAND","United States","Y"
3646,"New World Jet Corporation","\N",,"NWD","NEW WORLD","United States","N"
3647,"New York Helicopter","\N",,"NYH","NEW YORK","United States","N"
3648,"New York State Police","\N",,"GRY","GRAY RIDER","United States","N"
3650,"Newair","\N",,"HVA","HAVEN-AIR","United States","N"
3653,"Nextflight Aviation","\N",,"NXF","NEXTFLIGHT","United States","N"
3695,"North American Jet Charter Group","\N",,"NAJ","JET GROUP","United States","N"
3696,"North Atlantic Air Inc","\N",,"NAT","MASS AIR","United States","N"
3704,"North Star Air Cargo","\N",,"SBX","SKY BOX","United States","N"
3712,"Northaire Feight Lines","\N",,"NFL","GREAT LAKES","United States","N"
3714,"Northcoast Executive Airlines","\N",,"NCE","TOP HAT","United States","N"
3715,"Northeast Airlines","\N",,"NEE","NORTHEAST","United States","N"
3716,"Northeast Aviation","\N",,"NPX","NORTHEAST EXPRESS","United States","N"
3717,"Northern Air Cargo","\N","NC","NAC","YUKON","United States","N"
3719,"Northern Airways","\N",,"NDA","NORTHERN DAKOTA","United States","N"
3723,"Northern Illinois Commuter","\N",,"NIC","ILLINOIS COMMUTER","United States","N"
3724,"Northern Jet Management","\N",,"NTX","NORTAX","United States","N"
3726,"Northland Aviation","\N",,"KOE","KOKEE","United States","N"
3727,"Northstar Aviation","\N",,"NSS","NORTHSTAR","United States","N"
3730,"Northwest Aero Associates","\N",,"NWE",,"United States","N"
3731,"Northwest Airlines","\N","NW","NWA","NORTHWEST","United States","Y"
3739,"Notams International","\N",,"XNT",,"United States","N"
3758,"OSACOM","\N",,"JPA","J-PAT","United States","N"
3763,"Ocean Wings Commuter Service","\N",,"TUK","TUCKERNUCK","United States","N"
3773,"Oklahoma Department of Public Safety","\N",,"OKL","OKLAHOMA","United States","N"
3781,"Omni Air International","\N","OY","OAE","OMNI-EXPRESS","United States","Y"
3830,"Ozark Air Lines","\N","OZ","OZR","OZARK","United States","N"
3833,"PAC Air","\N",,"PCR","PACAIR","United States","N"
3836,"PDQ Air Charter","\N",,"PDQ","DISPATCH","United States","N"
3837,"PHH Aviation System","\N",,"XAS",,"United States","N"
3842,"PSA Airlines","\N",,"JIA","BLUE STREAK","United States","N"
3844,"Paccair","\N",,"WIS","WISCAIR","United States","N"
3845,"Pace Airlines","\N","Y5","PCE","PACE","United States","N"
3847,"Pacific Air Charter","\N",,"PRC","PACIFIC CHARTER","United States","N"
3848,"Pacific Air Express","\N",,"PCF","PACIFIC EXPRESS","United States","N"
3849,"Pacific Air Transport","\N",,"PXP","PAK EXPRESS","United States","N"
3851,"Pacific Alaska Airlines","\N",,"PAK","PACIFIC ALASKA","United States","N"
3853,"Pacific Aviation (United States)","\N",,"PCX",,"United States","N"
3855,"Pacific Coast Airlines","\N",,"PQA","SAGE BRUSH","United States","N"
3859,"Pacific International Airlines","\N",,"PIN","ROAD RUNNERS","United States","N"
3860,"Pacific Island Aviation","\N",,"PSA","PACIFIC ISLE","United States","Y"
3861,"Pacific Jet","\N",,"PCJ","PACIFIC JET","United States","N"
3864,"Pacific Southwest Airlines","\N","PS","PSX","SMILEY","United States","N"
3865,"Pacific Wings","\N","LW","NMI","TSUNAMI","United States","Y"
3867,"Pacificair Airlines","\N",,"PFR","PACIFIC WEST","United States","N"
3868,"Package Express","\N",,"RCY","RACE CITY","United States","N"
3870,"Pak West Airlines","\N",,"PKW","PLATINUM WEST","United States","N"
3881,"Pan Air","\N",,"PAX","PANNEX","United States","N"
3882,"Pan Am Weather Systems","\N",,"XPA",,"United States","N"
3885,"Pan American Airways","\N","PA","PAA",,"United States","N"
3886,"Pan American World Airways","\N","PA","PAA","CLIPPER","United States","N"
3892,"Panagra Airways","\N",,"PGI","PANAGRA","United States","N"
3898,"Panorama Air Tour","\N",,"PAH","LANI","United States","N"
3899,"Panorama Flight Service","\N",,"AFD","AIRFED","United States","N"
3902,"Paradise Airways","\N",,"PAI","SEA RAY","United States","N"
3903,"Paradise Island Airways","\N",,"PDI","PARADISE ISLAND","United States","N"
3904,"Paragon Air Express","\N",,"PGX","PARAGON EXPRESS","United States","N"
3908,"Parcel Express","\N",,"APE","AIR PARCEL","United States","N"
3917,"Patterson Aviation Company","\N",,"ETL","ENTEL","United States","N"
3931,"Pelican Express","\N",,"PEX","PELICAN EXPRESS","United States","N"
3935,"Peninsula Airways","\N","KS","PEN","PENINSULA","United States","Y"
3946,"Petroleum Helicopters","\N",,"PHM","PETROLEUM","United States","N"
3949,"Petty Transport","\N",,"PTY","PETTY","United States","N"
3954,"Phillips Air","\N",,"BCH","BEACHBALL","United States","N"
3955,"Phillips Alaska","\N",,"PDD","PADA","United States","N"
3956,"Phillips Michigan City Flying Service","\N",,"PHL","PHILLIPS","United States","N"
3959,"Phoenix Air Group","\N",,"PHA","GRAY BIRD","United States","N"
3962,"Phoenix Air Transport","\N",,"PPG","PAPAGO","United States","N"
3963,"Phoenix Airline Services","\N",,"WDY","WINDYCITY","United States","N"
3967,"Phoenix Flight Operations","\N",,"XPX",,"United States","N"
3969,"Piedmont Airlines (1948-1989)","\N","PI","PDT","PIEDMONT","United States","Y"
3975,"Pinnacle Air Group","\N",,"PCL","PINNACLE GROUP","United States","N"
3976,"Pinnacle Airlines","\N","9E","FLG","FLAGSHIP","United States","Y"
3977,"Pioneer Airlines","\N",,"PIO","PIONEER","United States","N"
3981,"Planemaster Services","\N",,"PMS","PLANEMASTER","United States","N"
3982,"Planet Airways","\N",,"PLZ","PLANET","United States","N"
3983,"Players Air","\N",,"PYZ","PLAYERS AIR","United States","N"
3986,"Pocono Air Lines","\N",,"POC","POCONO","United States","N"
3992,"Polar Air Cargo","\N","PO","PAC","POLAR","United States","N"
4012,"Polynesian Air-Ways","\N",,"PLA","POLYAIR","United States","N"
4016,"Pond Air Express","\N",,"PND","POND AIR","United States","N"
4019,"Port Townsend Airways","\N",,"PTQ","TOWNSEND","United States","N"
4026,"Potomac Air","\N","BK","PDC","DISTRICT","United States","Y"
4029,"Prairie Flying Service","\N",,"PFS","PRAIRIE","United States","N"
4032,"Precision Airlines","\N",,"PRE","PRECISION","United States","N"
4041,"Presidential Aviation","\N",,"PRD","PRESIDENTIAL","United States","N"
4042,"Priester Aviation","\N",,"PWA","PRIESTER","United States","N"
4044,"Primaris Airlines","\N","FE","WCP","WHITECAP","United States","N"
4045,"Primas Courier","\N",,"PMC","PRIMAC","United States","N"
4047,"Prime Air","\N",,"PRM","PRIME AIR","United States","N"
4052,"Princeton Aviation Corporation","\N",,"PCN","PRINCETON","United States","N"
4053,"Priority Air Charter","\N",,"PRY","PRIORITY AIR","United States","N"
4054,"Priority Air Transport","\N",,"PAT","PAT","United States","N"
4055,"Priority Aviation Company","\N",,"BCK","BANKCHECK","United States","N"
4057,"Private Jet Expeditions","\N",,"PJE","PEE JAY","United States","N"
4058,"Private Jet Management","\N",,"PJA","PRIVATE FLIGHT","United States","N"
4061,"Pro Air","\N",,"PRH","PROHAWK","United States","N"
4062,"Pro Air Service","\N",,"PSZ","POP-AIR","United States","N"
4064,"Professional Express Courier Service","\N",,"PAD","AIR PROFESSIONAL","United States","N"
4070,"Propheter Aviation","\N",,"PPA","AIR PROP","United States","N"
4072,"Providence Airline","\N",,"PTL","PLANTATION","United States","N"
4081,"Puerto Rico National Guard","\N",,"PNG",,"United States","N"
4097,"Quest Diagnostics","\N",,"LBQ","LABQUEST","United States","N"
4102,"Qwest Commuter Corporation","\N",,"QCC","QWEST AIR","United States","N"
4133,"Rader Aviation","\N",,"GBR","GREENBRIER AIR","United States","N"
4134,"Radixx Solutions International","\N","1D",,,"United States","N"
4136,"Raleigh Flying Service","\N",,"RFA","RALEIGH SERVICE","United States","N"
4137,"Ram Air Freight","\N",,"REX","RAM EXPRESS","United States","N"
4138,"Ram Aircraft Corporation","\N",,"RMT","RAM FLIGHT","United States","N"
4139,"Ramp 66","\N",,"PPK","PELICAN","United States","N"
4145,"Raven Air","\N",,"RVN","RAVEN U-S","United States","N"
4148,"Raytheon Aircraft Company","\N",,"RTN","RAYTHEON","United States","N"
4150,"Raytheon Travel Air","\N",,"KSS","KANSAS","United States","N"
4157,"Red Baron Aviation","\N",,"RBN","RED BARON","United States","N"
4166,"Reeve Aleutian Airways","\N",,"RVV","REEVE","United States","N"
4168,"Regency Airlines","\N",,"RGY","REGENCY","United States","N"
4180,"RegionsAir","\N","3C","CEA","CORP-X","United States","N"
4181,"Reliance Aviation","\N",,"REL","RELIANCE AIR","United States","N"
4182,"Reliant Airlines","\N",,"RLT","RELIANT","United States","N"
4185,"Reno Air","\N","QQ","ROA","RENO AIR","United States","N"
4186,"Renown Aviation","\N",,"RGS","RENOWN","United States","N"
4187,"Republic Airlines","\N","RW","RPA","BRICKYARD","United States","Y"
4190,"Resort Air","\N",,"RST","RESORT AIR","United States","N"
4191,"Rhoades Aviation","\N",,"RDS","RHOADES EXPRESS","United States","N"
4193,"Rich International Airways","\N",,"RIA","RICHAIR","United States","N"
4194,"Richards Aviation","\N",,"RVC","RIVER CITY","United States","N"
4195,"Richardson's Airway","\N",,"RIC","RICHARDSON","United States","N"
4196,"Richland Aviation","\N",,"RCA","RICHLAND","United States","N"
4203,"Rimrock Airlines","\N",,"RIM","RIMROCK","United States","N"
4205,"Rio Airways","\N",,"REO","RIO","United States","N"
4206,"Rio Grande Air","\N","E2","GRN","GRANDE","United States","N"
4213,"Roblex Aviation","\N",,"ROX","ROBLEX","United States","N"
4214,"Rockwell Collins Avionics","\N",,"RKW","ROCKWELL","United States","N"
4216,"Rocky Mountain Airways","\N",,"RMA","ROCKY MOUNTAIN","United States","N"
4217,"Rocky Mountain Holdings","\N",,"LIF","LIFECARE","United States","N"
4228,"Ross Aviation","\N",,"NRG","ENERGY","United States","N"
4233,"Roswell Airlines","\N",,"RAL","ROSWELL","United States","N"
4238,"Rover Airways International","\N",,"ROV","ROVERAIR","United States","N"
4247,"Royal Air Freight","\N",,"RAX","AIR ROYAL","United States","N"
4250,"Royal American Airways","\N",,"RLM","ROYAL AMERICAN","United States","N"
4276,"Royal West Airlines","\N",,"RWE","ROYAL WEST","United States","N"
4293,"Ryan Air Service","\N",,"RCT","ARCTIC TRANPORT","United States","N"
4294,"Ryan Air Services","\N",,"RYA","RYAN AIR","United States","Y"
4295,"Ryan International Airlines","\N","RD","RYN","RYAN INTERNATIONAL","United States","Y"
4298,"Rynes Aviation","\N",,"RAA","RYNES AVIATION","United States","N"
4326,"Steinman Aviation","\N",,"SBB","SABER EXPRESS","United States","N"
4327,"Seven Bar Flying Service","\N",,"SBF","S-BAR","United States","N"
4328,"Sabre Incorporated","\N",,"SBG",,"United States","N"
4333,"Smithkline Beacham Clinical Labs","\N",,"SBQ","SKIBBLE","United States","N"
4334,"Saber Aviation","\N",,"SBR","FREIGHTER","United States","N"
4335,"Seaborne Airlines","\N","BB","SBS","SEABORNE","United States","Y"
4340,"South Central Air","\N",,"SCA","SOUTH CENTRAL","United States","N"
4341,"Seacoast Airlines","\N",,"SCC","SEA-COASTER","United States","N"
4342,"Scenic Airlines","\N",,"SCE","SCENIC","United States","Y"
4350,"Sunbird Airlines","\N",,"CDL","CAROLINA","United States","N"
4356,"Sun Country Airlines","\N","SY","SCX","SUN COUNTRY","United States","Y"
4359,"Sunrise Airlines","\N",,"SDC","SUNDANCE","United States","N"
4360,"Skymaster Air Taxi","\N",,"SDD","SKY DANCE","United States","N"
4361,"Sundorph Aeronautical Corporation","\N",,"SDF","SUNDORPH","United States","N"
4370,"Southeast Air","\N",,"SEA","SOUTHEAST AIR","United States","Y"
4372,"Sedona Air Center","\N",,"SED","SEDONA AIR","United States","N"
4377,"Sentel Corporation","\N",,"SEL","SENTEL","United States","N"
4386,"Safewings Aviation Company","\N",,"SFF","SWIFTWING","United States","N"
4394,"Skyfreight","\N",,"SFT","SKYFREIGHT","United States","N"
4396,"S.K. Logistics","\N",,"SFX","SWAMP FOX","United States","N"
4397,"Sky King","\N",,"SGB","SONGBIRD","United States","N"
4411,"Skagway Air Service","\N","N5","SGY","SKAGWAY AIR","United States","Y"
4413,"Sky Harbor Air Service","\N",,"SHC","SKY HARBOR CHEYENNE","United States","N"
4431,"Shavano Air","\N",,"SHV","SHAVANO","United States","N"
4432,"Shawnee Airline","\N",,"SHW","SHAWNEE","United States","N"
4437,"Sierra Express","\N",,"SIE","SEREX","United States","N"
4443,"Salair","\N",,"SIR","SALAIR","United States","N"
4451,"Spirit Aviation","\N",,"SJJ","SPIRIT JET","United States","N"
4459,"Southeast Airmotive","\N",,"SPU","SPUTTER","United States","N"
4480,"Sierra Expressway Airlines","\N",,"SRX","SIERRA EX","United States","N"
4483,"Southern Seaplane","\N",,"SSC","SOUTHERN SKIES","United States","N"
4489,"Skystar International","\N",,"SSK","SKYSTAR","United States","N"
4520,"Suburban Air Freight","\N",,"SUB","SUB AIR","United States","N"
4531,"Star West Aviation","\N",,"SUU","SUNSTAR","United States","N"
4546,"Security Aviation","\N",,"SVX","SECURITY AIR","United States","N"
4547,"Southwest Airlines","\N","WN","SWA","SOUTHWEST","United States","Y"
4552,"Spurling Aviation","\N",,"ASL","AIR SEATTLE","United States","N"
4554,"Sunworld Airlines","\N",,"SWI","SUNWORLD","United States","N"
4555,"Stateswest Airlines","\N",,"SWJ","STATES","United States","N"
4558,"Swift Air (Interstate Equipment Leasing)","\N",,"SWQ","SWIFTFLIGHT","United States","N"
4561,"Sunwest Aviation (Lindquist Investment)","\N",,"SWS","SUNNY WEST","United States","N"
4569,"Southern Cross Aviation","\N",,"SXA","FERRY","United States","N"
4571,"Southeast Express Airlines","\N",,"SXE","DOGWOOD EXPRESS","United States","N"
4575,"Satellite Aero","\N",,"SXX","SATELLITE EXPRESS","United States","N"
4578,"Systec 2000","\N",,"SYC","SYSTEC","United States","N"
4580,"Sky One Express Airlines","\N",,"SYF","SKY FIRST","United States","N"
4582,"Sonalysts","\N",,"SYI",,"United States","N"
4584,"Satsair","\N",,"SYK","AEROCAB","United States","N"
4588,"Special Aviation Systems","\N",,"SYV","SPECIAL SYSTEM","United States","N"
4589,"Skywalk Airlines","\N","AL","SYX","SKYWAY-EX","United States","Y"
4595,"Sundance Air","\N",,"BNC","BARNACLE AIR","United States","N"
4613,"Sioux Falls Aviation","\N",,"DKT","DAKOTA","United States","N"
4626,"Sky Bus","\N",,"FLH","MILE HIGH","United States","N"
4629,"S.P. Aviation","\N",,"GDG","GOLDEN GATE","United States","N"
4637,"Superior Aviation","\N","SO","HKA","SPEND AIR","United States","N"
4644,"Silvair","\N",,"IJS",,"United States","N"
4650,"Secure Air Charter","\N",,"JCM","SECUREAIR","United States","N"
4662,"Sky Limo Corporation","\N",,"LMO","SKY LIMO","United States","N"
4670,"San Juan Airlines","\N","2G","MRR","MARINER","United States","N"
4675,"Sabre","\N","1S",,,"United States","N"
4676,"Sierra Nevada Airlines","\N","1I",,,"United States","N"
4681,"Sutra","\N","1K",,,"United States","N"
4687,"Spirit Airlines","\N","NK","NKS","SPIRIT WINGS","United States","Y"
4704,"South Carolina Aeronautics Commission","\N",,"PLT","PALMETTO","United States","N"
4709,"Southeastern Airways","\N",,"PTM","POSTMAN","United States","N"
4711,"Sky Trek International Airlines","\N","1I","PZR","PHAZER","United States","N"
4720,"Skybus Airlines","\N","SX","SKB","SKYBUS","United States","N"
4721,"Skymaster Air Lines","\N",,"SKC","SKYMASTER AIR","United States","N"
4722,"Sky Harbor Air Service","\N",,"SKD","SKY DAWG","United States","N"
4723,"Sky Tours","\N",,"SKE","SKYISLE","United States","N"
4725,"Skycraft","\N",,"SKF","SKYCRAFT","United States","N"
4731,"Skyline Aviation Services","\N",,"SKN","SKYLINER","United States","N"
4738,"SkyWest","\N","OO","SKW","SKYWEST","United States","Y"
4741,"Skyway Enterprises","\N",,"SKZ","SKYWAY-INC","United States","N"
4748,"Silverhawk Aviation","\N",,"SLH","SILVERHAWK","United States","N"
4764,"Servant Air","\N","8D",,,"United States","N"
4767,"Smithair","\N",,"SMH","SMITHAIR","United States","N"
4770,"Summit Airlines","\N",,"SMM","SUMMIT-AIR","United States","N"
4782,"Southeast Airlines (Sun Jet International)","\N",,"SNK","SUN KING","United States","N"
4783,"Soonair Lines","\N",,"SNL","SOONAIR","United States","N"
4785,"Sun Pacific International","\N",,"SNP","SUN PACIFIC","United States","N"
4786,"Sun Quest Executive Air Charter","\N",,"SNQ","EXECU-QUEST","United States","N"
4788,"Suncoast Aviation","\N",,"SNT","SUNCOAST","United States","N"
4791,"Sun West Airlines","\N",,"SNW","SUN WEST","United States","N"
4795,"Southern Ohio Aviation Sales","\N",,"SOH","SOUTHERN OHIO","United States","N"
4799,"Sunshine Air Tours","\N",,"SON","SUNSHINE TOURS","United States","N"
4800,"Southern Air","\N",,"SOO","SOUTHERN AIR","United States","N"
4803,"Southeast Correct Craft","\N",,"SOT","SOUTH COURIER","United States","N"
4804,"Southern Airways","\N",,"SOU","SOUTHERN EXPRESS","United States","Y"
4809,"Sierra Pacific Airlines","\N",,"SPA","SIERRA PACIFIC","United States","N"
4811,"Skyworld Airlines","\N",,"SPC","PORT","United States","N"
4812,"Sprague Electric Company","\N",,"SPE","SPRAGUE","United States","N"
4814,"Springdale Air Service","\N",,"SPG","SPRING AIR","United States","N"
4816,"South Pacific Island Airways","\N",,"SPI","SOUTH PACIFIC","United States","Y"
4819,"Sapphire Aviation","\N",,"SPP","SAPPHIRE","United States","N"
4822,"Shuttle America","\N","S5","TCF","MERCURY","United States","Y"
4841,"Sunset Aviation","\N",,"VXN","VIXEN","United States","N"
4842,"Sport Air Travel","\N",,"WCC","WEST COAST","United States","N"
4847,"Southport Air Service","\N",,"XPG",,"United States","N"
4848,"Spectrum Air Service","\N",,"XSA",,"United States","N"
4853,"Stewart Aviation Services","\N",,"YBE","YELLOW BIRD","United States","N"
4864,"Trans International Express Aviation","\N",,"BAP","BIG APPLE","United States","N"
4865,"TAG Aviation USA","\N",,"TAG","TAG U-S","United States","N"
4879,"TAB Express International","\N",,"TBI","TAB INTERNATIONAL","United States","N"
4888,"Trans-Colorado Airlines","\N",,"TCE","TRANS-COLORADO","United States","N"
4891,"Teledyne Continental Motors","\N",,"TCM","TELEDYNE","United States","N"
4892,"Trans Continental Airlines","\N",,"TCN","TRANSCON","United States","N"
4898,"Twin Cities Air Service","\N",,"TCY","TWIN CITY","United States","N"
4900,"Tellavia / Flight One","\N",,"TDE","TELLURIDE","United States","N"
4906,"Tradewinds Airlines","\N",,"TDX","TRADEWINDS EXPRESS","United States","N"
4910,"Tempelhof Airways","\N",,"TEH","TEMPELHOF","United States","N"
4911,"Telford Aviation","\N",,"TEL","TELFORD","United States","N"
4913,"Tennessee Airways","\N",,"TEN","TENNESSEE","United States","N"
4914,"Territorial Airlines","\N",,"TER","TERRI-AIRE","United States","N"
4918,"Trans-Florida Airlines","\N",,"TFA","TRANS FLORIDA","United States","N"
4920,"Talon Air","\N",,"TFF","TALON FLIGHT","United States","N"
4923,"Transport Facilitators","\N",,"TFI",,"United States","N"
4941,"Tar Heel Aviation","\N",,"THC","TARHEEL","United States","N"
4953,"Trans International Airlines","\N",,"TIA","TRANS INTERNATIONAL","United States","N"
4973,"Eagle Canyon Airlines","\N",,"TLO","TALON AIR","United States","N"
4976,"TLC Air","\N",,"TLS","TEALSY","United States","N"
4979,"Telesis Transair","\N",,"TLX","TELESIS","United States","N"
4986,"Tomahawk Airways","\N",,"TMK","TOMAHAWK","United States","N"
4988,"TMC Airlines","\N",,"TMM","WILLOW RUN","United States","N"
4991,"Temsco Helicopters","\N",,"TMS","TEMSCO","United States","N"
4992,"Trans Midwest Airlines","\N",,"TMT","TRANS MIDWEST","United States","N"
4999,"Tennessee Air National Guard 164th Airlift Group","\N",,"TNG",,"United States","N"
5000,"Transair International Linhas Aereas","\N",,"TNI","TRANSINTER","United States","N"
5004,"Tanana Air Services","\N",,"TNR","TAN AIR","United States","N"
5006,"Transnorthern","\N",,"TNV","TRANSNORTHERN","United States","N"
5009,"Twin Town Leasing Company","\N",,"TNY","TWINCAL","United States","N"
5012,"Tol-Air Services","\N","TI","TOL","TOL AIR","United States","N"
5018,"Tower Air","\N","FF","TOW","TEE AIR","United States","N"
5036,"Taquan Air Services","\N",,"TQN","TAQUAN","United States","N"
5040,"Trans Air Charter","\N",,"TRC","TRACKER","United States","N"
5047,"Tropic Airlines-Air Molokai","\N",,"TRO","MOLOKAI","United States","N"
5052,"Transwestern Airlines of Utah","\N",,"TRW","TRANS-WEST","United States","N"
5053,"Tristar Airlines","\N",,"TRY","TRISTAR AIR","United States","N"
5054,"TransMeridian Airlines","\N","T9","TRZ","TRANS-MERIDIAN","United States","N"
5070,"Tri-State Aero","\N",,"TSS","TRI-STATE","United States","N"
5091,"Trans America Airlines","\N",,"TVA","TRANS-AMERICA","United States","N"
5098,"Trans World Airlines","TWA","TW","TWA","TWA","United States","N"
5105,"Texair Charter","\N",,"TXA","OKAY AIR","United States","N"
5110,"Texas National Airlines","\N",,"TXN","TEXAS NATIONAL","United States","N"
5113,"Texas Airlines","\N",,"TXS","TEXAIR","United States","N"
5114,"Texas Air Charters","\N",,"TXT","TEXAS CHARTER","United States","N"
5115,"Tex Star Air Freight","\N",,"TXZ","TEX STAR","United States","N"
5125,"Top Flight Air Service","\N",,"CHE","CHECK AIR","United States","N"
5126,"Trans America","\N",,"CLR","CLINTON AIRWAYS","United States","N"
5129,"Texas Airways","\N",,"CWT","TEXAS AIRWAYS","United States","N"
5141,"Trans-Air-Link","\N",,"GJB","SKY TRUCK","United States","N"
5142,"Tradewind Aviation","\N",,"GPD","GOODSPEED","United States","N"
5143,"Trail Lake Flying Service","\N",,"HBA","HARBOR AIR","United States","N"
5157,"The Lancair Company","\N",,"LCC","LANCAIR","United States","N"
5158,"The Army Aviation Heritage Foundation","\N",,"LEG","LEGACY","United States","N"
5160,"Trans States Airlines","\N","AX","LOF","WATERSKI","United States","Y"
5166,"Trans Air","\N",,"MUI","MAUI","United States","N"
5172,"Open Skies Consultative Commission","\N","1L","OSY","OPEN SKIES","United States","N"
5176,"Trans World Express","\N",,"RBD","RED BIRD","United States","N"
5178,"Tas Aviation","\N",,"RMS","TASS AIR","United States","N"
5202,"USAF Air Mobility Operations Control Center","\N",,"DOD",,"United States","N"
5203,"U.S. Department of the Interior","\N",,"DOI","INTERIOR","United States","N"
5206,"US Army Parachute Team","\N",,"GKA","GOLDEN KNIGHTS","United States","N"
5207,"USA3000 Airlines","\N","U5","GWY","GETAWAY","United States","Y"
5209,"United Airlines","\N","UA","UAL","UNITED","United States","Y"
5211,"United Carriers Systems","\N",,"UCS","UNITED CARRIERS","United States","N"
5213,"United Feeder Service","\N","U2",,,"United States","N"
5219,"United States Coast Guard Auxiliary","\N",,"CGX","COASTGUARD AUXAIR","United States","N"
5220,"United States Department Of Agriculture","\N",,"AGR","AGRICULTURE","United States","N"
5227,"USA Jet Airlines","\N","U7","JUS","JET USA","United States","N"
5229,"US Marshals Service","\N",,"MSH","MARSHALAIR","United States","N"
5230,"University of North Dakota","\N",,"NDU","SIOUX","United States","N"
5231,"Universal Airlines","\N",,"PNA","PACIFIC NORTHERN","United States","N"
5239,"US Airports Air Charter","\N",,"UCH","US CHARTER","United States","N"
5242,"UFS","\N",,"UFS","FEEDER EXPRESS","United States","N"
5248,"Universal Jet Aviation","\N",,"UJT","UNI-JET","United States","N"
5255,"Ultrair","\N",,"ULT","ULTRAIR","United States","N"
5258,"Union Flights","\N",,"UNF","UNION FLIGHTS","United States","N"
5263,"United Parcel Service","\N","5X","UPS","UPS","United States","N"
5265,"US Airways","\N","US","USA","U S AIR","United States","Y"
5266,"US Check Airlines","\N",,"USC","STAR CHECK","United States","N"
5267,"USAfrica Airways","\N",,"USF","AFRICA EXPRESS","United States","N"
5268,"US Helicopter","\N",,"USH","US-HELI","United States","Y"
5269,"US Jet","\N",,"USJ","USJET","United States","N"
5270,"US Express","\N",,"USX","AIR EXPRESS","United States","N"
5276,"Universal Airways","\N",,"UVA","UNIVERSAL","United States","N"
5279,"United States Air Force","\N",,"AIO","AIR CHIEF","United States","Y"
5283,"Universal Airlines","\N",,"WEC","AIRGO","United States","N"
5284,"US Helicopter Corporation","\N","UH",,,"United States","Y"
5300,"Vanguard Airlines","\N",,"VGD","VANGUARD AIR","United States","N"
5315,"Viscount Air Service","\N",,"VCT","VISCOUNT AIR","United States","N"
5318,"VIP Air Charter","\N",,"FXF","FOX FLIGHT","United States","N"
5324,"Volare Air Charter Company","\N",,"VCM","CARMEN","United States","N"
5331,"Virgin America","\N","VX","VRD","REDWOOD","United States","Y"
5332,"Vieques Air Link","\N",,"VES","VIEQUES","United States","N"
5356,"Vero Monmouth Airlines","\N",,"VMA","VERO MONMOUTH","United States","N"
5374,"Virign Islands Seaplane Shuttle","\N",,"VSS","WATERBIRD","United States","N"
5384,"Viking Express","\N",,"WCY","TITAN AIR","United States","N"
5388,"WRA Inc","\N",,"WRR","WRAP AIR","United States","N"
5389,"WSI Corporation","\N",,"XWS",,"United States","N"
5390,"Walmart Aviation","\N",,"CGG","CHARGE","United States","N"
5394,"Warbelow's Air Ventures","\N",,"WAV","WARBELOW","United States","N"
5400,"Welch Aviation","\N",,"TDB","THUNDER BAY","United States","N"
5419,"Westair Industries","\N",,"PCM","PAC VALLEY","United States","N"
5422,"Western Air Couriers","\N",,"NPC","NORPAC","United States","N"
5423,"Western Air Express","\N",,"WAE","WESTERN EXPRESS","United States","N"
5424,"Western Airlines","\N","WA","WAL","WESTERN","United States","Y"
5426,"Western Aviators","\N",,"WTV","WESTAVIA","United States","N"
5428,"Western Pacific Airlines","\N",,"KMR","KOMSTAR","United States","N"
5431,"Westgates Airlines","\N",,"WSA","WESTATES","United States","N"
5434,"Westward Airways","\N","CN","WWD","WESTWARD","United States","N"
5440,"Wiggins Airways","\N",,"WIG","WIGGINS AIRWAYS","United States","N"
5442,"Wilbur's Flight Operations","\N",,"WFO","WILBURS","United States","N"
5443,"Williams Air","\N",,"WLS","WILLIAMS AIR","United States","N"
5446,"Winair","\N",,"WNA","WINAIR","United States","N"
5448,"Wind Spirit Air","\N",,"WSI","WIND SPIRIT","United States","N"
5453,"Wings Airways","\N",,"WAW","WING SHUTTLE","United States","N"
5455,"Wings Express","\N",,"WEX","WINGS EXPRESS","United States","N"
5456,"Wings of Alaska","\N","K5","WAK","WINGS ALASKA","United States","N"
5459,"Wisconsin Air National Guard","\N",,"WAG",,"United States","N"
5460,"Wisman Aviation","\N",,"WSM","WISMAN","United States","N"
5465,"World Airways","\N","WO","WOA","WORLD","United States","Y"
5468,"Worldspan","\N","1P",,,"United States","N"
5471,"Worldwide Jet Charter","\N",,"WWI","WORLDWIDE","United States","N"
5472,"Wright Air Lines","\N",,"WRT","WRIGHT-AIR","United States","N"
5473,"Wright Air Service","\N","8V","WRF","WRIGHT FLYER","United States","N"
5476,"Wyoming Airlines","\N",,"WYG","WYOMING","United States","N"
5483,"Xerox Corporation","\N",,"XER","XEROX","United States","N"
5487,"Xtra Airways","\N","XP","CXP","RUBY MOUNTAIN","United States","N"
5498,"Young Flying Service","\N",,"YFS","YOUNG AIR","United States","N"
5511,"Zantop International Airlines","\N",,"ZAN","ZANTOP","United States","N"
5515,"Zephyr Express","\N",,"RZR","RECOVERY","United States","N"
5640,"Yellow Air Taxi",,"Y0","\N",,"United States","N"
8461,"Carnival Air Lines",,"KW","\N","Carnival Air","United States","Y"
8809,"Island Air (WP)",,"WP","MKU",,"United States","Y"
9833,"Epic Holiday","Epic Holidays","FA","4AA","Epic","United States","Y"
9840,"JetWind",,,"JWW","Jetwind","United States","N"
10118,"Blue Sky America",,"BU","BKY",,"United States","N"
10119,"Texas Spirit",,"XS","TXP",,"United States","N"
10121,"Illinois Airways",,"IL","ILW",,"United States","N"
10123,"Texas Wings",,"TQ","TXW","TXW","United States","Y"
10124,"California Western",,"KT","CWS",,"United States","N"
10226,"Atifly",,"A1","A1F","atifly","United States","Y"
10367,"Reno Sky",,"RY","\N",,"United States","N"
10739,"Air Choice One",,"3E","\N",,"United States","Y"
10748,"Locair",,"ZQ","LOC","LOCAIR","United States","Y"
10765,"SeaPort Airlines",,"K5","SQH","SASQUATCH","United States","Y"
10776,"Salmon Air",,"S6","\N",,"United States","Y"
10796,"Fly Illi",,"IL","ILY",,"United States","N"
10912,"Alaska Seaplane Service",,"J5","\N",,"United States","Y"
12961,"Gryphon Airlines",,"6P","\N",,"United States","Y"
13391,"U.S. Air",,"-+","--+",,"United States","Y"
13633,"PanAm World Airways",,"WQ","PQW",,"United States","Y"
15887,"CBM America",,,"XBM","AIRMAX","United States","Y"
15975,"Black Stallion Airways",,"BZ","BSA","Stallion","United States","Y"
16135,"Yellowstone Club Private Shuttle",,"Y1","\N","YCS","United States","Y"
16264,"Trans Pas Air",,"T6","TP6",,"United States","Y"
16625,"Papillon Grand Canyon Helicopters",,"HI","\N",,"United States","Y"
16675,"US Africa Airways",,"E8","\N",,"United States","N"
16702,"Usa Sky Cargo","USky","E1","ES2","USKY","United States","Y"
16715,"Red Jet America",,"RR","\N",,"United States","N"
16726,"Era Alaska",,"7H","ERR","ERAH","United States","Y"
16735,"Hankook Air US",,"H1","HA1",,"United States","Y"
16825,"Pacific Express",,"VB","\N",,"United States","N"
16932,"Orbit Airlines","Orbit",,"OBT","Orbit","United States","Y"
17519,"SENIC AIRLINES",,"YR","\N",,"United States","Y"
17563,"XOJET",,,"XOJ",,"United States","Y"
17628,"Orbit International Airlines",,,"OAI","OA","United States","Y"
17629,"Orbit Regional Airlines",,,"OAR","OA","United States","Y"
17630,"Orbit Atlantic Airways",,,"OAN",,"United States","Y"
17841,"Aws express",,"B0","666","aws","United States","Y"
17859,"Southjet",,"76","SJS",,"United States","Y"
17860,"Southjet connect",,"77","ZCS",,"United States","Y"
17862,"Southjet cargo",,"78","XAN",,"United States","Y"
18169,"Patriot Airways",,"P4","\N",,"United States","Y"
18178,"Vision Airlines (V2)",,"V2","RBY","RUBY","United States","Y"
18228,"Chicago Express (C8)","ATA Connection","C8","\N",,"United States","N"
18239,"Yellowtail",,"YE","YEL",,"United States","Y"
18241,"Royal Airways","Royal Inc.","KG","RAW","RAW","United States","Y"
18257,"Executive AirShare",,,"XSR",,"United States","Y"
18529,"T.J. Air",,"TJ","TJA","T.J. Air","United States","Y"
18545,"ValueJet",,"J7","VJA","CRITTER","United States","N"
18643,"HQ- Business Express",,"HQ","\N","BizEx","United States","N"
18722,"WestAir",,"OE","\N",,"United States","N"
18723,"WestAir Airlines",,"OE","\N",,"United States","N"
18724,"WestAir Airlines",,"OE","\N",,"United States","N"
18727,"North Pacific Airlines",,"NO","\N",,"United States","N"
18930,"Maryland Air","Maryland","M1","M1F","Maryland Flight","United States","Y"
19016,"Apache Air","Apache","ZM","IWA","APACHE","United States","Y"
19204,"Eastern Atlantic Charters",,,"EDI",,"United States","N"
19262,"ViznAir",,,"VZA","Brian","United States","N"
19287,"National Air Cargo",,"N8","NCR",,"United States","Y"
19290,"Eastern Atlantic Virtual Airlines",,"13","EAV","EAVA","United States","Y"
19350,"Comfort Express Virtual Charters Albany",,,"EVC","Comfort Express","United States","Y"
19351,"Comfort Express Virtual Charters",,,"CEO",,"United States","Y"
19423,"Key Air",,,"KWY","KeyAir","United States","N"
19433,"XAIR USA",,"XA","XAU","XAIR","United States","Y"
19465,"Global Freightways",,"F5","GF5","Freight","United States","N"
19538,"Vintage Props and Jets",,,"VPP","VINTAGE","United States","N"
19619,"Envoy Air",,,"ENY","Envoy","United States","Y"
19674,"Rainbow Air (RAI)","Rainbow Air (RAI)","RN","RAB","Rainbow","United States","Y"
19676,"Rainbow Air Polynesia","Rainbow Air POL","RX","RPO","Rainbow Air","United States","Y"
19678,"Rainbow Air US","Rainbow Air US","RM","RNY","Rainbow Air","United States","Y"
19774,"Spike Airlines","Aero Spike","S0","SAL","Spike Air","United States","Y"
19804,"All America","All America","A2","AL2",,"United States","Y"
19890,"Dense Airways",,"KP","DWA","DENSE","United States","Y"
19891,"Dense Connection",,"KZ","DC2","DC2","United States","Y"
19917,"Jet Suite",,,"RSP","Red Stripe","United States","Y"
20060,"San Dima Air","(Cyber Airlines) Not Real",,"SDI","FAREFLIGHT","United States","Y"
20222,"OneJet",,"J1","\N",,"United States","Y"
20548,"Islands Express",,"X9","\N",,"United States","N"
20549,"Atlantic Air Services",,"X7","\N",,"United States","N"
20565,"Boutique Air (Priv)",,"4B","BTQ",,"United States","Y"
20607,"Liberty Airways",,"LE","LTY",,"United States","Y"
20710,"Silver Airways (3M)",,"3M","\N","Silver Wings","United States","Y"
20808,"Alghanim",,,"KYA",,"United States","Y"
20931,"Southern Airways Express","Sun Air Express",,"LTD","LIGHTSPEED","United States","Y"
20963,"Atlantic Air Cargo",,"K3","\N",,"United States","N"
20976,"World Scale Airlines","World Scale","W3","WSS",,"United States","Y"
20978,"All America US","All America US","AG","SSA",,"United States","Y"
20991,"Choice Airways",,,"CSX",,"United States","Y"
20996,"Dynamic Airways",,,"DYA",,"United States","Y"
21124,"ViaAir","Charter Air Transport",,"SRY","Stingray","United States","Y"
21251,"Lynx Aviation (L3/SSX)",,,"SSX","Shasta","United States","N"
